id,deleted,version,amount,deadline,epag_token,epag_trx_number,label,method,payment_date,status,fk_loan_request,code,channel_transaction_number,created_date,paid_amount,transaction_ref_debit,transaction_ref_number_debit
1f6b10d8-56d3-4f16-8e8d-755d9a9cfac3,f,2021-09-27 14:51:24.245,200.25,2021-09-30,,,,,,UNPAID,df74fb47-a35e-491b-aebd-3e243ead9945,,,2021-09-27 14:51:24.165692,,,
e940662c-363d-48b8-867e-09cbb7da88a2,f,2021-09-27 14:52:30.572,200.25,2021-09-30,,,,,,UNPAID,ac86bdc2-f777-4d73-9ea0-f819c72668c1,,,2021-09-27 14:52:30.571618,,,
132d29e2-f0b9-4c36-a847-25880ec090d2,f,2021-09-27 15:09:13.69,200.25,2021-09-30,,,,,,UNPAID,cac00964-648c-4a86-b112-30495cc435d7,,,2021-09-27 15:09:13.690029,,,
11306023-675e-4a56-9175-9b82117b65e4,f,2021-09-27 15:10:21.558,200.25,2021-09-30,,,,,,UNPAID,3edbf202-e635-4eb0-aa7c-b6272c24fc46,,,2021-09-27 15:10:21.558288,,,
3cfb7b8f-8b9b-4351-b560-acce70c0df18,f,2021-10-02 15:22:03.13,200.25,2021-10-04,,,,BATCH,2021-10-02 15:22:03.126366,PAID_LS_RECONCILED,7727a446-ee21-40ba-a371-04a63cbad1ac,8410071719487200000804102021,N00000000028,2021-10-01 17:26:39.397138,200.25,,
8b7892f0-69dd-41f2-8577-ba024cb5d582,f,2021-09-27 15:20:13.898,200.25,2021-09-30,,,,,,UNPAID,9227d5e0-bfa1-4f82-8aeb-91fb420878ef,,,2021-09-27 15:20:13.898294,,,
37b338be-d775-4071-a734-2044c7ea2ac3,f,2021-09-27 15:24:42.361,200.25,2021-09-30,,,,,,UNPAID,3eee078e-eb1a-4d4a-95a6-c9a5092dcf2e,,,2021-09-27 15:24:42.360947,,,
f79302bd-2e33-4e11-bb09-064b2821fe95,f,2021-09-27 15:51:39.499,200.25,2021-09-30,,,,,,UNPAID,e84e632e-ee2a-4551-8d80-945b10c9f52c,,,2021-09-27 15:51:39.49897,,,
27d5b5bd-535e-425b-9c80-1f8903aa66f4,f,2021-09-27 15:55:04.939,200.25,2021-09-30,,,,,,UNPAID,08872e54-defa-441b-9240-9c290de13cf4,,,2021-09-27 15:55:04.938882,,,
ed1bfe68-77d7-4c1f-9700-a4c081976a7d,f,2023-10-18 15:05:58.561,207.48,2024-01-16,,,,,,UNPAID,e8d9a87a-5512-405e-a221-580f122bea22,,,2023-10-18 15:05:58.554126,,,
454ab99b-c776-45ee-b42e-56d7e7354919,f,2021-09-27 16:01:35.384,200.25,2021-09-30,,,,,,UNPAID,2ba16732-34ae-48af-b9dc-dc573ffc6301,,,2021-09-27 16:01:35.383999,,,
15dfa203-a51f-4db5-b881-13e23c8b66cf,f,2021-09-27 16:04:16.105,200.25,2021-09-30,,,,,,UNPAID,fc90983c-4811-4352-bc71-2f8841b305d0,,,2021-09-27 16:04:16.104909,,,
7ca5681f-a040-4c57-a623-d54b34d1c877,f,2021-09-30 13:21:15.193,101.22,2021-10-07,,,,,,UNPAID,df22b12b-38d7-4ecb-a873-91d0000d3490,8410071719487200000307102021,,2021-09-30 13:11:46.140237,,,
5a4be04c-2db0-4ab5-9cec-96d986de44a9,f,2021-09-28 10:20:53.818,200.25,2021-09-30,00100000028692,0000082202319,,MANUAL,2021-09-28 00:00:00,PAID_LS,a8749049-2bac-458d-acb8-821651cf5b37,8410005987719000000430092021,10000003848411001,2021-09-27 16:02:52.881158,200.25,,
82548c0a-9d14-49c8-ae66-f6010aee0f8b,f,2021-09-28 10:40:54.312,200.25,2021-10-01,,,,,,UNPAID,1747c17b-d409-4cb4-8a24-c8b92a2a2b56,,,2021-09-28 10:40:54.311877,,,
8825e540-0fd0-4df1-82e6-5df3ce75b4e8,f,2021-09-28 11:25:13.85,200.25,2021-10-01,,,,,,UNPAID,058d666f-055d-48c7-b712-51e92d2a90b7,,,2021-09-28 11:25:13.850017,,,
a3a35f0a-e3e3-4f2e-98c6-6c32080d7c9a,f,2021-09-30 13:22:54.436,101.74,2021-10-04,,,,,,UNPAID,364cdc37-ecbc-474e-92cc-d8d00cafe063,,,2021-09-30 13:22:54.435935,,,
ff50be4e-8b73-432c-abdc-1ce86a77f352,f,2021-09-30 13:22:54.457,101.73,2021-10-07,,,,,,UNPAID,364cdc37-ecbc-474e-92cc-d8d00cafe063,,,2021-09-30 13:22:54.456695,,,
1daf66b3-1a2f-4561-93db-5f84bc55b17d,f,2021-09-30 13:49:07.809,102.24,2021-10-04,,,,,,UNPAID,2af18647-c408-4c9c-8839-9d4944a2f0df,,,2021-09-30 13:49:07.809325,,,
9c03c68b-a7bd-44c7-9e15-9b189ddceb28,f,2021-09-30 13:49:07.826,102.23,2021-10-07,,,,,,UNPAID,2af18647-c408-4c9c-8839-9d4944a2f0df,,,2021-09-30 13:49:07.82602,,,
97f50f6a-146c-43fd-b698-fcaa9f6af131,f,2021-09-30 10:06:31.762,200.25,2021-10-03,,,,,,UNPAID,a156facf-3891-4b1f-ba68-4b1276d516e1,,,2021-09-30 10:06:31.742209,,,
e1e10723-e9db-43f9-bb06-bf64e4aced81,f,2021-09-30 10:08:35.079,150.62,2021-10-06,,,,,,UNPAID,08515df7-a526-409e-9e00-713d793f69de,,,2021-09-30 10:08:35.078522,,,
46d6c510-361f-49d7-acbe-1127a6dbd204,f,2021-09-30 10:08:35.096,150.62,2021-10-10,,,,,,UNPAID,08515df7-a526-409e-9e00-713d793f69de,,,2021-09-30 10:08:35.096026,,,
295a13d2-84ba-4fe4-96c6-3a6f2112d78d,f,2021-09-30 10:08:35.108,150.63,2021-10-14,,,,,,UNPAID,08515df7-a526-409e-9e00-713d793f69de,,,2021-09-30 10:08:35.10785,,,
f7857bbf-00df-463d-8bd8-ca9a64642fab,f,2021-09-30 10:19:20.889,150.62,2021-10-06,,,,,,UNPAID,02442bd3-548e-4bf9-b59d-9c2c899d785f,,,2021-09-30 10:19:20.888972,,,
474bbdf3-f253-45c3-a946-1b8e535a4809,f,2021-09-30 10:19:20.915,150.62,2021-10-10,,,,,,UNPAID,02442bd3-548e-4bf9-b59d-9c2c899d785f,,,2021-09-30 10:19:20.915438,,,
c5f1b129-9a7c-40fd-9378-ae8db151c875,f,2021-09-30 10:19:20.927,150.63,2021-10-14,,,,,,UNPAID,02442bd3-548e-4bf9-b59d-9c2c899d785f,,,2021-09-30 10:19:20.927106,,,
e546a9bf-78e8-4263-94c0-19902c811eee,f,2021-09-30 10:42:49.236,150.62,2021-10-06,,,,,,UNPAID,2de8d96b-5f55-422c-8a74-f0baaa65152a,,,2021-09-30 10:42:49.236215,,,
3e11942e-8fb6-4e5c-86f0-11b87d7bccfa,f,2021-09-30 10:42:49.257,150.62,2021-10-10,,,,,,UNPAID,2de8d96b-5f55-422c-8a74-f0baaa65152a,,,2021-09-30 10:42:49.25707,,,
4278ac2d-e497-4412-91b2-48681ab9849a,f,2021-09-30 10:42:49.268,150.63,2021-10-14,,,,,,UNPAID,2de8d96b-5f55-422c-8a74-f0baaa65152a,,,2021-09-30 10:42:49.267995,,,
13b1afca-186c-4963-a3cb-9156ad1109ea,f,2021-09-30 10:58:26.767,150.62,2021-10-06,,,,,,UNPAID,afdf24f8-51d1-42d1-a110-1aaf319e178f,,,2021-09-30 10:58:26.766982,,,
0e9462e8-dab6-4a04-9cc0-f4b395938c98,f,2021-09-30 10:58:26.794,150.62,2021-10-10,,,,,,UNPAID,afdf24f8-51d1-42d1-a110-1aaf319e178f,,,2021-09-30 10:58:26.793881,,,
a67dca78-755b-4dd7-9262-045affc5d7de,f,2021-09-30 10:58:26.811,150.63,2021-10-14,,,,,,UNPAID,afdf24f8-51d1-42d1-a110-1aaf319e178f,,,2021-09-30 10:58:26.810957,,,
a3d9cbc6-a7da-4f68-bd86-6d8bcc888181,f,2021-09-30 11:03:03.581,150.62,2021-10-06,,,,,,UNPAID,5edfc9f2-c4c5-4a6b-870e-e1ea2024ab9c,8410005393241000000306102021,,2021-09-30 11:02:14.015137,,,
415deb7b-a0a9-4a10-b0f1-88c37dbe2311,f,2021-09-30 11:03:03.582,150.62,2021-10-10,,,,,,UNPAID,5edfc9f2-c4c5-4a6b-870e-e1ea2024ab9c,8410005393241000000310102021,,2021-09-30 11:02:14.035285,,,
a704b017-54bd-4987-8d60-58aeac6bb715,f,2021-09-30 11:03:03.582,150.63,2021-10-14,,,,,,UNPAID,5edfc9f2-c4c5-4a6b-870e-e1ea2024ab9c,8410005393241000000314102021,,2021-09-30 11:02:14.045217,,,
78c7d1ac-422e-4976-824f-11baaae55c8f,f,2021-09-30 13:10:40.423,100.72,2021-10-07,,,,,,UNPAID,2b88879a-d3a8-4320-831c-f8ccf2129ecc,8410071719487200000207102021,,2021-09-30 13:03:10.151151,,,
dd650e2f-81c0-4448-a6e8-715de793840b,f,2021-10-02 22:04:37.363,200.25,2021-10-05,,,,,,UNPAID,1be3b4e0-abfb-407b-9569-664a9173521f,,,2021-10-02 22:04:37.323132,,,
5afeba7e-12af-4358-a0f5-c84dddcfee63,f,2021-09-30 14:26:38.968,102.73,2021-10-07,,,,,,UNPAID,f2f2cddc-e136-4ec2-9317-b4b5f5ff13cc,8410071719487200000607102021,,2021-09-30 14:25:12.491597,,,
a4cbc563-7a1b-41aa-9a7f-85135c640209,f,2021-09-30 19:40:21.267,103.23,2021-10-07,,,,,,UNPAID,c50282c3-490b-46bd-912e-cff8896c50c5,8410071719487200000707102021,,2021-09-30 19:38:37.535418,,,
36f42b13-10d7-450e-af17-a025e6ef2e70,f,2021-10-01 12:34:52.972,200.25,2021-09-30,,,,BATCH,2021-10-01 12:34:52.956796,PAID_LS_RECONCILED,569bc0f4-02a9-4082-b9d3-55c471019fd6,8410058276881500000130092021,N00000000017,2021-09-27 15:17:16.002484,200.25,,
174b93f6-1492-4c51-b1f4-624edff84a83,f,2021-10-02 15:18:08.056,200.25,2021-09-30,,,,BATCH,2021-10-02 15:18:08.040007,PAID_LS_RECONCILED,eff6d032-388f-49df-bb67-e5ea4d1cf4a8,8410005393241000000130092021,N00000000023,2021-09-27 14:51:57.705658,205.84,,
7617c0ea-3fcb-486e-aa27-0099129d3af7,f,2021-10-02 15:22:02.447,101.24,2021-10-04,,,,BATCH,2021-10-02 15:22:02.441139,PAID_LS_RECONCILED,df22b12b-38d7-4ecb-a873-91d0000d3490,8410071719487200000304102021,N00000000025,2021-09-30 13:11:46.123524,101.24,,
ea9f10ec-b14f-4690-bef3-4e56b1a5c801,f,2021-10-02 15:22:02.669,102.74,2021-10-04,,,,BATCH,2021-10-02 15:22:02.664601,PAID_LS_RECONCILED,f2f2cddc-e136-4ec2-9317-b4b5f5ff13cc,8410071719487200000604102021,N00000000026,2021-09-30 14:25:12.475322,102.74,,
278b8667-73e8-4014-a12c-adf2c873c47b,f,2021-10-02 15:22:02.898,103.24,2021-10-04,,,,BATCH,2021-10-02 15:22:02.893433,PAID_LS_RECONCILED,c50282c3-490b-46bd-912e-cff8896c50c5,8410071719487200000704102021,N00000000027,2021-09-30 19:38:37.511015,103.24,,
a0d7008b-f2de-4909-8420-6797d89994a0,f,2023-10-18 15:08:55.561,207.48,2024-01-16,,,,,,UNPAID,2533d852-fa24-4751-90a0-bcca931af6d3,,,2023-10-18 15:08:55.561527,,,
6dae8d33-c7a1-4655-8005-44ee587cc496,f,2021-10-04 16:50:55.542,200.46,2021-10-08,,,,,,UNPAID,01c477dd-1970-463d-b1eb-5df7020f7313,8410058276881500000308102021,,2021-10-04 16:49:52.116827,,,
85a248ca-07b0-4d74-88d5-08aff14ee0c5,f,2021-10-04 16:50:55.542,200.45,2021-10-11,,,,,,UNPAID,01c477dd-1970-463d-b1eb-5df7020f7313,8410058276881500000311102021,,2021-10-04 16:49:52.162574,,,
161e5014-2063-4ab7-be87-1475b97ee7ef,f,2021-10-04 23:54:44.289,200.25,2021-10-05,00100000029003,0000082202593,,MANUAL,2021-10-04 00:00:00,PAID_LS,cc113dc0-58b8-477d-ba1b-3eeefcf33350,8410053506311000000105102021,10000003881111001,2021-10-02 21:50:56.277664,200.25,,
6caae4c3-1fb6-4fa6-a37e-1617b1c9cf49,f,2021-10-05 00:04:09.716,252.03,2021-10-14,,,,,,UNPAID,452887db-1d05-4806-979a-e402690e2778,,,2021-10-05 00:04:09.682473,,,
54c2256e-4ff7-4044-8341-35ba56bda40a,f,2021-10-05 00:04:09.747,252.03,2021-10-21,,,,,,UNPAID,452887db-1d05-4806-979a-e402690e2778,,,2021-10-05 00:04:09.746434,,,
61ff0b1c-5231-4eed-90a6-31db92a0b7e4,f,2021-10-05 00:04:09.76,252.03,2021-10-28,,,,,,UNPAID,452887db-1d05-4806-979a-e402690e2778,,,2021-10-05 00:04:09.760579,,,
f99733cb-8ffe-4250-9e50-41943f88a143,f,2021-10-05 00:04:09.772,252.03,2021-11-04,,,,,,UNPAID,452887db-1d05-4806-979a-e402690e2778,,,2021-10-05 00:04:09.771995,,,
b22a7da3-77db-45f8-8ee1-63c5ebdd6d77,f,2023-10-18 15:12:35.381,207.48,2024-01-16,,,,,,UNPAID,a7d4e035-1618-4930-ab45-1deafc8a3310,8413641008938101000316012024,,2023-10-18 15:11:54.501032,,,
2da51762-4b8c-4d02-bd6c-126110e8d0cd,f,2021-10-02 15:22:02.192,100.73,2021-10-04,,,,BATCH,2021-10-02 15:22:02.186458,PAID_LS_RECONCILED,2b88879a-d3a8-4320-831c-f8ccf2129ecc,8410071719487200000204102021,N00000000024,2021-09-30 13:03:10.123685,100.73,,
57f818e4-dfb0-494d-abe8-02a7ea803a59,f,2021-09-28 11:45:08.864,200.25,2021-10-01,00100000028696,0000082202326,,MANUAL,2021-09-28 00:00:00,UNPAID,0128ad9f-a812-44e9-ae8f-fec90c9474c8,8410005987719000000601102021,10000003849111001,2021-09-28 11:38:30.226902,,,
e00fefed-4c37-47f6-b610-210a7e122953,f,2021-10-05 12:27:46.49,200.25,2021-10-01,00100000029013,0000082202606,,MANUAL,2021-10-05 00:00:00,PAID_LS,1bf3928f-10d0-415b-835c-c22fa8065207,8410058276881500000201102021,10000003882911001,2021-09-28 11:38:51.808414,206.1,,
b353609b-4bab-4779-adf1-8da810c4d1ac,f,2021-10-01 17:13:44.49,200.25,2021-10-03,00100000028944,0000082202525,,MANUAL,2021-10-01 00:00:00,PAID_LS,8e382397-8014-4764-8cd3-aa043a87d71d,8410071719487200000103102021,10000003874111001,2021-09-30 10:09:27.424356,200.25,,
cf4d66ea-c1a0-4c03-9e92-ec180a749f97,f,2021-10-05 00:07:58.866,252.03,2021-10-14,,,,,,UNPAID,8652fd1d-6fb1-4212-8f05-affd8c2a15c5,8410053506311000000414102021,,2021-10-05 00:06:29.562043,,,
937c6953-f97b-4f58-b13a-47763d940c1d,f,2021-10-05 00:07:58.867,252.03,2021-10-21,,,,,,UNPAID,8652fd1d-6fb1-4212-8f05-affd8c2a15c5,8410053506311000000421102021,,2021-10-05 00:06:29.592794,,,
15c10dfd-8f44-4214-9d46-ce737fa42592,f,2021-10-05 00:07:58.867,252.03,2021-10-28,,,,,,UNPAID,8652fd1d-6fb1-4212-8f05-affd8c2a15c5,8410053506311000000428102021,,2021-10-05 00:06:29.614238,,,
f9dcef8a-e361-40c5-8bc0-3aea015002de,f,2021-10-05 00:07:58.867,252.03,2021-11-04,,,,,,UNPAID,8652fd1d-6fb1-4212-8f05-affd8c2a15c5,8410053506311000000404112021,,2021-10-05 00:06:29.627654,,,
78173d1b-fe04-44e3-bd72-1e83463c2463,f,2021-10-05 14:35:05.191,199.96,2021-10-09,,,,,,UNPAID,f0a79cde-71d1-40bb-a640-40761819aa4e,8410005393241000000509102021,,2021-10-05 14:33:50.286365,,,
41b3d20b-3e81-4110-b255-b4684e0f85a5,f,2021-10-05 14:35:05.191,199.95,2021-10-12,,,,,,UNPAID,f0a79cde-71d1-40bb-a640-40761819aa4e,8410005393241000000512102021,,2021-10-05 14:33:50.309742,,,
38f1c76f-40a9-4cf5-b5ac-024fdd2c7553,f,2021-10-05 14:40:31.641,334.39,2021-10-11,,,,,,UNPAID,fc88596d-b434-4a41-b185-463548b9c4b8,,,2021-10-05 14:40:31.640583,,,
526634f8-af20-497e-8095-c0918fd0d352,f,2021-10-05 14:40:31.657,334.39,2021-10-15,,,,,,UNPAID,fc88596d-b434-4a41-b185-463548b9c4b8,,,2021-10-05 14:40:31.657647,,,
0dda12df-6c0c-47e3-8794-b7e4d8b4b8a3,f,2021-10-05 14:40:31.669,334.37,2021-10-19,,,,,,UNPAID,fc88596d-b434-4a41-b185-463548b9c4b8,,,2021-10-05 14:40:31.669313,,,
947dc04e-5045-4682-8f0c-adcef8dc32f5,f,2021-10-05 14:43:18.315,250.74,2021-10-16,,,,,,UNPAID,2693f9d5-619d-43a4-a1a7-d2329785ffcc,8410005393241000000716102021,,2021-10-05 14:41:21.058314,,,
44b03ff5-b65d-41b3-8e99-4536aa7763f7,f,2021-10-05 14:43:18.315,250.74,2021-10-19,,,,,,UNPAID,2693f9d5-619d-43a4-a1a7-d2329785ffcc,8410005393241000000719102021,,2021-10-05 14:41:21.065689,,,
ac00b15c-5b1d-4168-895c-0c6104d59fe8,f,2021-10-05 16:23:09.034,250.74,2021-10-10,00100000029023,0000082202652,,MANUAL,2021-10-05 00:00:00,PAID_LS,2693f9d5-619d-43a4-a1a7-d2329785ffcc,8410005393241000000710102021,10000003886011001,2021-10-05 14:41:21.032134,256.24,,
c82b26f1-a36a-4086-a0bd-f5df034ca0f9,f,2021-10-05 16:51:50.357,200.46,2021-10-09,00100000029029,0000082202660,,MANUAL,2021-10-05 00:00:00,PAID_LS,68f8fccd-e9b1-4a85-9b86-1ad8147b0c9f,8410005393241000000409102021,10000003887011001,2021-10-05 14:24:29.23846,206.05,,
5efdae17-b32a-4b29-962b-db48156a1b2d,f,2021-10-05 16:59:57.636,200.45,2021-10-12,00100000029031,0000082202663,,MANUAL,2021-10-05 00:00:00,PAID_LS,68f8fccd-e9b1-4a85-9b86-1ad8147b0c9f,8410005393241000000412102021,10000003887411001,2021-10-05 14:24:29.296239,200.45,,
01f52f24-cffa-4aeb-9ac1-5bf95eb63a6d,f,2021-10-05 17:05:25.143,250.74,2021-10-13,00100000029032,0000082202665,,MANUAL,2021-10-05 00:00:00,PAID_LS,2693f9d5-619d-43a4-a1a7-d2329785ffcc,8410005393241000000713102021,10000003887611001,2021-10-05 14:41:21.047383,250.74,,
b156e0c2-54f0-4d62-a548-4cec32fef5aa,f,2021-10-05 17:13:30.591,200.25,2021-10-13,,,,,,UNPAID,3d75c703-4e86-4d30-9776-f3d177032610,8410005393241000000813102021,,2021-10-05 17:12:17.908761,,,
d9116136-3b37-4f74-9fb9-2d82433c180d,f,2023-10-18 15:18:52.708,207.48,2024-01-16,,,,,,UNPAID,12fccc2f-a113-4c0f-aac3-eb939f3b7269,,,2023-10-18 15:18:52.708442,,,
fbe9e050-b39a-4407-8e33-46eb340e9713,f,2021-10-06 09:59:39.85,200.25,2021-10-13,,,,,,UNPAID,2ac44207-fa95-4817-ab3d-92ea360352ff,,,2021-10-06 09:59:39.85028,,,
cb219693-e477-4c86-9e9d-969592e1a0bc,f,2021-10-06 10:44:04.483,200.25,2021-10-14,,,,,,UNPAID,dab1c56c-ddf8-4e7f-9948-7df8192478eb,8410058276881500000414102021,,2021-10-06 10:43:00.343146,,,
5c7e41f8-b61d-4b7f-b381-2245f4200028,f,2021-10-06 12:32:03.353,200.25,2021-10-14,,,,,,UNPAID,d8e458e5-5ec0-4a81-bded-e676d82a28b8,,,2021-10-06 12:32:03.326212,,,
2a594fec-a9a7-4eda-8aa4-24b5b931a2a0,f,2021-10-06 12:36:29.815,200.25,2021-10-14,,,,,,UNPAID,8e863f1c-c30e-430b-8279-2935396cd09a,8410065349809000000214102021,,2021-10-06 12:35:33.662589,,,
2676f4ce-12ae-4a92-b3d9-53bc8bbf823a,f,2021-10-06 12:38:41.735,200.25,2021-10-14,,,,,,UNPAID,dcd8807a-08af-4037-bb8b-1a276e5bc909,8410065349809000000314102021,,2021-10-06 12:37:50.625805,,,
8b8d37ad-2f81-4072-bdf3-f2700ea76a42,f,2021-10-06 12:44:18.152,200.25,2021-10-14,,,,,,UNPAID,2e0928a3-db07-431b-89c4-1f62918390e0,8410065349809000000414102021,,2021-10-06 12:43:32.54663,,,
c6fdb188-77b4-4120-9f57-2253df69ba3a,f,2021-10-06 12:52:15.26,200.25,2021-10-14,,,,,,UNPAID,01040823-e2f6-4059-8d3f-a8a5812fe697,8410065349809000000514102021,,2021-10-06 12:51:28.848234,,,
fe9733cc-9896-4a43-beaf-e9adf6f37d33,f,2021-10-06 12:59:56.782,200.25,2021-10-14,,,,,,UNPAID,f7e65627-a98a-4315-8f5f-b84f16a18bf5,,,2021-10-06 12:59:56.782165,,,
47dbd92f-75b5-4c2b-b609-d430121ec0a2,f,2021-10-06 13:04:06.874,252.03,2021-10-20,,,,,,UNPAID,27aef872-dd43-4e55-bcca-50b8f76af355,,,2021-10-06 13:04:06.840808,,,
3f1df7c9-57f7-4673-b177-fef80ced1a76,f,2021-10-06 13:04:06.899,252.03,2021-10-27,,,,,,UNPAID,27aef872-dd43-4e55-bcca-50b8f76af355,,,2021-10-06 13:04:06.898775,,,
0d19a5ec-61ea-450a-b075-672efdd391d9,f,2021-10-06 13:04:06.913,252.03,2021-11-03,,,,,,UNPAID,27aef872-dd43-4e55-bcca-50b8f76af355,,,2021-10-06 13:04:06.913084,,,
0b9a547f-bbc7-47e4-983a-83fc2e316b39,f,2021-10-06 13:04:06.928,252.03,2021-11-10,,,,,,UNPAID,27aef872-dd43-4e55-bcca-50b8f76af355,,,2021-10-06 13:04:06.928319,,,
dce0543a-6a21-4f97-9cef-97f81cddf5a3,f,2021-10-06 13:16:06.158,200.25,2021-10-14,,,,,,UNPAID,43230f62-9ed7-452f-af31-97ba2eee3bee,8410065349809000000814102021,,2021-10-06 13:13:34.519226,,,
b077b644-e982-4101-8d8f-30320f76d535,f,2021-10-06 13:20:51.559,200.25,2021-10-14,,,,,,UNPAID,bda05a2d-2f63-4011-91c3-22223f0a966a,8410065349809000000914102021,,2021-10-06 13:19:57.644353,,,
93101c43-afe2-4f6a-a9e9-c1d86d10b3c1,f,2021-10-06 13:23:48.086,200.25,2021-10-14,,,,,,UNPAID,05e30d6c-cb5b-4d31-8692-6c986851511f,8410065349809000001014102021,,2021-10-06 13:21:47.200114,,,
bc651ebd-3c97-4dfd-a414-325ea99f3fb1,f,2021-10-06 15:02:35.775,200.61,2021-10-20,,,,,,UNPAID,04213cc5-bee2-4a51-912c-8ee6e82bf5ff,8410099031895600000120102021,,2021-10-06 15:00:02.171238,,,
f6948732-0362-4e0e-9b62-d977db9ce925,f,2021-10-06 15:02:35.776,200.61,2021-10-27,,,,,,UNPAID,04213cc5-bee2-4a51-912c-8ee6e82bf5ff,8410099031895600000127102021,,2021-10-06 15:00:02.206104,,,
1a888973-5983-409b-8c5f-68ac486e02d3,f,2021-10-06 15:02:35.776,200.61,2021-11-03,,,,,,UNPAID,04213cc5-bee2-4a51-912c-8ee6e82bf5ff,8410099031895600000103112021,,2021-10-06 15:00:02.221059,,,
58e03aa7-3f3b-4946-afdf-6a8cfdc4c532,f,2021-10-06 15:02:35.777,200.64,2021-11-10,,,,,,UNPAID,04213cc5-bee2-4a51-912c-8ee6e82bf5ff,8410099031895600000110112021,,2021-10-06 15:00:02.234875,,,
ffeb581b-d077-41c7-af8e-0141d425bb8a,f,2021-10-06 15:20:13.553,229.28,2021-10-17,,,,,,UNPAID,ec1c2ad6-b063-4003-9b83-198911002917,8410099031895600000217102021,,2021-10-06 15:17:59.353396,,,
9aceaacb-77c9-4657-b1da-5a2212716ebb,f,2021-10-06 15:20:13.553,229.28,2021-10-21,,,,,,UNPAID,ec1c2ad6-b063-4003-9b83-198911002917,8410099031895600000221102021,,2021-10-06 15:17:59.408777,,,
70678b70-0320-46f1-9025-f4f7c530b87e,f,2021-10-06 15:20:13.553,229.3,2021-10-25,,,,,,UNPAID,ec1c2ad6-b063-4003-9b83-198911002917,8410099031895600000225102021,,2021-10-06 15:17:59.414706,,,
87998a54-ec24-44ff-ae90-b55138a39065,f,2021-10-07 10:46:19.617,200.25,2021-10-14,,,,,,UNPAID,19b99344-c5b2-421e-b547-3dc769c1a335,,,2021-10-07 10:46:19.597879,,,
cdcd37bc-ed1b-46ad-b780-c88e6c69b8ee,f,2021-10-07 11:06:47.749,150.35,2021-10-15,,,,,,UNPAID,988a5d4c-12af-4389-afbb-0d384c93618c,,,2021-10-07 11:06:47.748965,,,
06f575b7-b07d-4f51-b146-2d0abcc97117,f,2021-10-07 11:06:47.781,150.34,2021-10-18,,,,,,UNPAID,988a5d4c-12af-4389-afbb-0d384c93618c,,,2021-10-07 11:06:47.780635,,,
66a46568-cb03-48d3-aa9a-a6a52db3440d,f,2021-10-07 15:56:03.666,160.37,2021-10-15,00100000029088,0000082202738,,MANUAL,2021-10-07 00:00:00,PAID_LS,c8de1780-2a40-4890-9dea-a6a29aa068f7,8410005393241009000915102021,10000003896111001,2021-10-07 11:26:02.259933,165.94,,
54b0bbe4-654b-4c66-b154-979798936431,f,2021-10-07 11:10:49.802,150.34,2021-10-18,,,,,,UNPAID,33b669fc-7a81-4bf7-844b-4b74c1884054,8410058276881509000718102021,,2021-10-07 11:08:57.555355,,,
8ab5a020-3017-49f9-a225-afff7f65bbe4,f,2021-10-07 18:39:54.086,245.97,2021-10-16,,,,BATCH,2021-10-07 18:39:54.082116,PAID_LS_RECONCILED,5f4e26b3-829d-44be-99f8-58a3dfc68a05,8410099031895609000316102021,N00000000091,2021-10-07 11:26:31.615928,251.47,,
bef3bcc6-7bd1-4c3a-a7c0-bdb88a967d7d,f,2021-10-07 11:27:12.595,160.36,2021-10-18,,,,,,UNPAID,c8de1780-2a40-4890-9dea-a6a29aa068f7,8410005393241009000918102021,,2021-10-07 11:26:02.292209,,,
cfeac799-ca30-44ba-93fa-ad0a10c14e20,f,2021-10-07 11:27:54.614,245.97,2021-10-19,,,,,,UNPAID,5f4e26b3-829d-44be-99f8-58a3dfc68a05,8410099031895609000319102021,,2021-10-07 11:26:31.632141,,,
d92c8101-bb3d-4d28-970b-df7c87136c03,f,2021-10-07 11:27:54.614,245.97,2021-10-22,,,,,,UNPAID,5f4e26b3-829d-44be-99f8-58a3dfc68a05,8410099031895609000322102021,,2021-10-07 11:26:31.643707,,,
ca74bdeb-3d0a-40ff-9abb-2c2b425ed620,f,2021-10-07 11:27:54.615,245.97,2021-10-25,,,,,,UNPAID,5f4e26b3-829d-44be-99f8-58a3dfc68a05,8410099031895609000325102021,,2021-10-07 11:26:31.655469,,,
93615620-08d2-4749-8638-d86823ecf35d,f,2021-10-07 11:58:53.916,167.36,2021-10-17,,,,,,UNPAID,adeac18f-b75b-44ff-8592-583e233f9ee2,8410078361110100000117102021,,2021-10-07 11:55:42.031603,,,
746f05cb-79ea-490c-b4aa-2055f2d87535,f,2021-10-07 11:58:53.917,167.36,2021-10-21,,,,,,UNPAID,adeac18f-b75b-44ff-8592-583e233f9ee2,8410078361110100000121102021,,2021-10-07 11:55:42.07168,,,
9e4d70b4-aa4b-4852-9533-c5bbcb01a3eb,f,2021-10-07 11:58:53.918,167.35,2021-10-25,,,,,,UNPAID,adeac18f-b75b-44ff-8592-583e233f9ee2,8410078361110100000125102021,,2021-10-07 11:55:42.083299,,,
0e2860f0-39ce-4944-b915-46b59753205c,f,2023-10-19 09:49:42.267,207.48,2024-01-16,,,,,2023-10-19 00:00:00,UNPAID,44d7589d-05f8-47ab-b34c-b485d7bf75fb,8419213008506101000216012024,,2023-10-18 15:19:30.957735,,,
92b73df2-df70-4549-a9ab-043f479cd46d,f,2023-10-26 10:57:13.835,1001.24,2022-03-04,,,,,,UNPAID,f879dd35-455b-4e22-bbd7-e945b287d437,8411065001152901000204032022,,2023-10-26 10:56:36.586632,,,
af2bfbee-7c1c-4431-a67a-0fb098c6f09f,f,2021-10-07 13:29:30.564,150.35,2021-10-15,,,,BATCH,2021-10-07 13:29:30.55084,PAID_LS_RECONCILED,33b669fc-7a81-4bf7-844b-4b74c1884054,8410058276881509000715102021,N00000000077,2021-10-07 11:08:57.53611,150.35,,
eb9448a6-7b67-498f-b12f-f5a9d864c5a2,f,2023-10-23 11:26:56.391,622.44,2024-01-18,,,,,2023-10-23 00:00:00,UNPAID,695aff16-7c7a-4fe6-b048-6e1f5871fb4a,8410229004850301000218012024,,2023-10-20 15:31:54.065536,,,
3e2f8d15-9244-486d-aa41-610fe1810ab6,f,2021-10-11 16:41:08.862,200.25,2021-10-18,,,,,,UNPAID,6ff24445-9f2a-4ce2-b8b3-e21ed8a7a0a4,8410058276881509000818102021,,2021-10-11 16:39:50.78346,,,
4c9e1ea7-919a-43d5-ba7d-c971cd2def77,f,2021-10-07 12:17:17.198,150.84,2021-10-18,,,,,,UNPAID,81fe6537-0d69-48f9-aea3-aba422062ed8,8410071719487209000918102021,,2021-10-07 12:14:35.345849,,,
5312832c-42b1-4210-a323-b6cc69fbd159,f,2021-10-07 13:29:31.438,150.85,2021-10-15,,,,BATCH,2021-10-07 13:29:31.434567,PAID_LS_RECONCILED,81fe6537-0d69-48f9-aea3-aba422062ed8,8410071719487209000915102021,N00000000085,2021-10-07 12:14:35.321185,150.85,,
34b4aa44-9ca9-40d8-8635-fc24c778d9ae,f,2021-10-07 13:48:32.53,200.25,2021-10-18,,,,,,UNPAID,17b35032-7e0f-409e-affb-57b9343a2721,8410053506311009000518102021,,2021-10-07 13:47:32.608868,,,
01dfec8c-d57f-4f25-a829-c05716215843,f,2021-10-08 10:09:39.568,200.25,2021-10-18,,,,,,UNPAID,55bc9bd9-81b4-46b8-b820-cc31bb566f5d,,,2021-10-08 10:09:39.532489,,,
6363e581-d4a5-4c1a-bac0-cd9257d44493,f,2021-10-08 10:10:54.574,200.25,2021-10-18,,,,,,UNPAID,73c87b55-66a5-4ece-bcc5-cb980751af80,,,2021-10-08 10:10:54.573522,,,
21eb5743-45e9-49f5-8aa6-1cd9980f6368,f,2021-10-08 10:14:47.211,200.25,2021-10-18,,,,,,UNPAID,c0eddfd4-a78a-4474-b6fd-fed6c56c067b,,,2021-10-08 10:14:47.210873,,,
94a6db8f-8ad3-4963-924c-a15748271c40,f,2023-10-26 11:05:48.17,200.25,2023-10-29,,,,,,UNPAID,d3484b6f-71e6-4cee-802c-fcfb12680b70,8419408009482700000229102023,,2023-10-26 11:03:03.258961,,,
6a15987d-18cb-484a-aada-55346fc50a2a,f,2021-10-08 17:52:50.097,200.25,2021-10-18,,,,,,UNPAID,67b517f5-802c-4ff4-b467-aedc50decaed,8410071719487209001318102021,,2021-10-08 17:51:35.856148,,,
ee88a382-1386-4697-9d30-5ef2117fabd9,f,2021-10-11 12:15:02.942,200.25,2021-10-18,,,,,,UNPAID,2e9dcf3a-5587-4f38-87a0-54f2ab132c93,,,2021-10-11 12:15:02.942166,,,
6fdc4742-427f-4f97-82f5-eae145a04ff1,f,2021-10-11 12:15:43.608,100.73,2021-10-19,,,,,,UNPAID,154bdc4f-5bd2-44c5-bbd8-ceb33cdd0496,,,2021-10-11 12:15:43.608182,,,
4b98e7dc-ca66-4d0e-b0c1-108dc0e11e0c,f,2021-10-11 12:15:43.624,100.72,2021-10-22,,,,,,UNPAID,154bdc4f-5bd2-44c5-bbd8-ceb33cdd0496,,,2021-10-11 12:15:43.624645,,,
43085a68-9c65-4135-8881-f4bec0c37dd8,f,2021-10-11 12:17:32.398,176.91,2021-10-19,,,,,,UNPAID,a32a77b8-712a-4fed-99af-33cadaf1ddc3,,,2021-10-11 12:17:32.397664,,,
086de14f-b4df-40fe-9906-57ad86006248,f,2021-10-11 12:17:32.424,176.89,2021-10-22,,,,,,UNPAID,a32a77b8-712a-4fed-99af-33cadaf1ddc3,,,2021-10-11 12:17:32.423803,,,
ed2f15cf-0ff2-41b5-8792-8fb1cff9bd8e,f,2021-10-11 12:18:04.543,200.46,2021-10-19,,,,,,UNPAID,ab59d883-b080-4eee-8a99-ab7e2fff9bb5,,,2021-10-11 12:18:04.543291,,,
f24c1a54-dca2-4bc4-83b1-5172cc80d840,f,2021-10-11 12:18:04.56,200.45,2021-10-22,,,,,,UNPAID,ab59d883-b080-4eee-8a99-ab7e2fff9bb5,,,2021-10-11 12:18:04.560174,,,
5ead1577-7e9e-463e-8972-24081738cd03,f,2021-10-11 12:18:33.349,134.22,2021-10-21,,,,,,UNPAID,c7e5a992-7f86-4162-93ce-469c848bff7e,,,2021-10-11 12:18:33.349182,,,
9ccac101-d182-49ba-838c-1f2489be1291,f,2021-10-11 12:18:33.368,134.22,2021-10-25,,,,,,UNPAID,c7e5a992-7f86-4162-93ce-469c848bff7e,,,2021-10-11 12:18:33.367762,,,
da1c1195-9ccf-4dbc-a578-861921d65de5,f,2021-10-11 12:18:33.379,134.22,2021-10-29,,,,,,UNPAID,c7e5a992-7f86-4162-93ce-469c848bff7e,,,2021-10-11 12:18:33.379601,,,
121f811c-85b7-4cc7-a0b1-5005c54d5f75,f,2021-10-11 12:19:09.267,227.27,2021-10-21,,,,,,UNPAID,d95d1f3b-19de-40a2-9f37-0a3154df0b0e,,,2021-10-11 12:19:09.267231,,,
dcadc9e3-ad99-4bd8-b441-bfb2dcaf3af3,f,2021-10-11 12:19:09.284,227.27,2021-10-25,,,,,,UNPAID,d95d1f3b-19de-40a2-9f37-0a3154df0b0e,,,2021-10-11 12:19:09.283958,,,
21c11ae3-0658-4632-a289-52d1f0226648,f,2021-10-11 12:19:09.295,227.28,2021-10-29,,,,,,UNPAID,d95d1f3b-19de-40a2-9f37-0a3154df0b0e,,,2021-10-11 12:19:09.295527,,,
c923e73c-3895-4dba-b960-b9bf27e1432a,f,2021-10-11 12:19:35.031,234.31,2021-10-21,,,,,,UNPAID,edcfc8f8-f99a-4924-82a7-2927d89e0797,,,2021-10-11 12:19:35.03121,,,
a253767f-7c5d-4321-8789-e15ff85c4430,f,2021-10-11 12:19:35.047,234.31,2021-10-25,,,,,,UNPAID,edcfc8f8-f99a-4924-82a7-2927d89e0797,,,2021-10-11 12:19:35.046654,,,
f65bf34c-f7c5-4fda-88f1-013a741af62f,f,2021-10-11 12:19:35.057,234.3,2021-10-29,,,,,,UNPAID,edcfc8f8-f99a-4924-82a7-2927d89e0797,,,2021-10-11 12:19:35.057715,,,
d51d380b-38e8-4df6-98ba-55ac190c3942,f,2021-10-11 12:20:02.494,175.94,2021-10-20,,,,,,UNPAID,16d2001b-5c57-4d5e-b19e-400567242f42,,,2021-10-11 12:20:02.494422,,,
93e3560a-b9cc-47df-a0b2-d108d50d8944,f,2021-10-11 12:20:02.509,175.94,2021-10-23,,,,,,UNPAID,16d2001b-5c57-4d5e-b19e-400567242f42,,,2021-10-11 12:20:02.508943,,,
c79312c3-0200-433d-a737-3c3af2e3b9f2,f,2021-10-11 12:20:02.521,175.94,2021-10-26,,,,,,UNPAID,16d2001b-5c57-4d5e-b19e-400567242f42,,,2021-10-11 12:20:02.520846,,,
9f1fd289-1e35-4c85-8996-83737523ba5d,f,2021-10-11 12:20:02.531,175.95,2021-10-29,,,,,,UNPAID,16d2001b-5c57-4d5e-b19e-400567242f42,,,2021-10-11 12:20:02.531277,,,
c2d5fe8a-10c0-4756-8987-dd686306b2f5,f,2021-10-11 12:22:19.554,200.25,2021-10-18,,,,,,UNPAID,b0cc9a51-bb98-4e1f-8885-f69c2e1299ae,,,2021-10-11 12:22:19.554321,,,
04461084-a455-407e-b723-0141c4119583,f,2021-10-11 12:22:47.612,100.73,2021-10-19,,,,,,UNPAID,7d57bb07-3e10-460a-b293-78e5b197eaeb,,,2021-10-11 12:22:47.612093,,,
ef6d84af-81f3-4127-bbc4-da389c9aa2c5,f,2021-10-11 12:22:47.629,100.72,2021-10-22,,,,,,UNPAID,7d57bb07-3e10-460a-b293-78e5b197eaeb,,,2021-10-11 12:22:47.629121,,,
d277b1bf-7e62-4cd3-bb6a-10c30f4ecb67,f,2021-10-11 12:23:14.815,176.91,2021-10-19,,,,,,UNPAID,13d97e89-5db8-43fb-b040-af74dd1d41e4,,,2021-10-11 12:23:14.815089,,,
1e7947b3-8a7d-47cc-a0d9-6b079d587141,f,2021-10-11 12:23:14.83,176.89,2021-10-22,,,,,,UNPAID,13d97e89-5db8-43fb-b040-af74dd1d41e4,,,2021-10-11 12:23:14.830221,,,
325e7fe8-12ed-4323-bc84-9002966316db,f,2021-10-11 12:24:07.779,200.46,2021-10-19,,,,,,UNPAID,9f6aea9f-699b-4765-a5d2-b285413fa6b4,,,2021-10-11 12:24:07.779385,,,
eea4f65f-bed4-45b7-a7bc-adc05a9fcf4b,f,2021-10-11 12:24:07.795,200.45,2021-10-22,,,,,,UNPAID,9f6aea9f-699b-4765-a5d2-b285413fa6b4,,,2021-10-11 12:24:07.795034,,,
9331a973-c1ef-4777-af95-29fd302deec1,f,2021-10-11 12:24:35.983,134.22,2021-10-21,,,,,,UNPAID,ab0bb42c-3463-4bca-9752-753d941b2e87,,,2021-10-11 12:24:35.982613,,,
cc60222a-5ffd-40cc-868f-b6582cc7fcf5,f,2021-10-11 12:24:36,134.22,2021-10-25,,,,,,UNPAID,ab0bb42c-3463-4bca-9752-753d941b2e87,,,2021-10-11 12:24:36.000344,,,
f802b8f0-c001-443a-a33a-950c2d64d098,f,2021-10-11 12:24:36.011,134.22,2021-10-29,,,,,,UNPAID,ab0bb42c-3463-4bca-9752-753d941b2e87,,,2021-10-11 12:24:36.011521,,,
27d0ad17-90da-440c-ba45-bf124f5f377d,f,2021-10-11 12:29:15.884,227.27,2021-10-21,,,,,,UNPAID,21155b97-0921-4454-a673-b2b67e85ecb9,,,2021-10-11 12:29:15.884068,,,
40a80ba1-51b3-4093-bf4b-5419641b2527,f,2021-10-11 12:29:16.011,227.27,2021-10-25,,,,,,UNPAID,21155b97-0921-4454-a673-b2b67e85ecb9,,,2021-10-11 12:29:16.010755,,,
690755e2-85ed-4ab1-9a14-51d69839961d,f,2021-10-11 12:29:16.045,227.28,2021-10-29,,,,,,UNPAID,21155b97-0921-4454-a673-b2b67e85ecb9,,,2021-10-11 12:29:16.045133,,,
2f60279f-d62c-49a0-8bd5-e0788ebb6a70,f,2021-10-11 12:29:45.53,234.31,2021-10-21,,,,,,UNPAID,18c14190-139e-45bd-a3cf-eabbc4fcbe4d,,,2021-10-11 12:29:45.530156,,,
e942521e-a12e-4835-b734-91338db40658,f,2021-10-11 12:29:45.548,234.31,2021-10-25,,,,,,UNPAID,18c14190-139e-45bd-a3cf-eabbc4fcbe4d,,,2021-10-11 12:29:45.547935,,,
1c757223-ca72-4c06-8a6d-8a6867c2cd04,f,2021-10-11 12:29:45.559,234.3,2021-10-29,,,,,,UNPAID,18c14190-139e-45bd-a3cf-eabbc4fcbe4d,,,2021-10-11 12:29:45.559118,,,
8698dbfa-3a33-4b42-aac2-88129b454817,f,2021-10-11 12:30:50.823,176.67,2021-10-24,,,,,,UNPAID,2a441a46-c678-4aac-afd4-1caa405c8f1a,,,2021-10-11 12:30:50.82318,,,
4d7b99fd-21c4-47f9-82a2-f5c072a70d73,f,2021-10-11 12:30:50.839,176.67,2021-10-31,,,,,,UNPAID,2a441a46-c678-4aac-afd4-1caa405c8f1a,,,2021-10-11 12:30:50.838901,,,
13aaf0b4-9a25-45d2-8058-d12cd8b0ef06,f,2021-10-11 12:30:50.846,176.67,2021-11-07,,,,,,UNPAID,2a441a46-c678-4aac-afd4-1caa405c8f1a,,,2021-10-11 12:30:50.846663,,,
1dc75730-4eba-4c1b-8f89-0a67413b72e7,f,2021-10-11 12:30:50.858,176.68,2021-11-14,,,,,,UNPAID,2a441a46-c678-4aac-afd4-1caa405c8f1a,,,2021-10-11 12:30:50.858642,,,
33cb4caf-cc41-4240-8b85-14c27da2ec52,f,2021-10-11 12:31:37.611,251.77,2021-10-24,,,,,,UNPAID,d100a530-3da6-4b33-8f6b-47db408889c1,,,2021-10-11 12:31:37.61144,,,
c6d688a7-64fc-4af2-a878-0c68420c7533,f,2021-10-11 12:31:37.639,251.77,2021-10-31,,,,,,UNPAID,d100a530-3da6-4b33-8f6b-47db408889c1,,,2021-10-11 12:31:37.639127,,,
85df616b-e05d-45a0-b317-081e80505116,f,2021-10-11 12:31:37.656,251.77,2021-11-07,,,,,,UNPAID,d100a530-3da6-4b33-8f6b-47db408889c1,,,2021-10-11 12:31:37.656359,,,
eb79c0ed-a805-40fa-8352-705c55a25791,f,2021-10-11 12:31:37.674,251.81,2021-11-14,,,,,,UNPAID,d100a530-3da6-4b33-8f6b-47db408889c1,,,2021-10-11 12:31:37.673704,,,
3e87c2bb-5c9e-4f38-8810-8f522ed89728,f,2021-10-11 12:32:42.715,252.03,2021-10-24,,,,,,UNPAID,a0c20d33-3593-41dd-a6b7-79daa7419710,,,2021-10-11 12:32:42.71498,,,
4e003355-026f-4425-afbd-5e51142e9abb,f,2021-10-11 12:32:42.731,252.03,2021-10-31,,,,,,UNPAID,a0c20d33-3593-41dd-a6b7-79daa7419710,,,2021-10-11 12:32:42.730907,,,
dd07a320-aa29-4eb3-b951-6c665abe3d20,f,2021-10-11 12:32:42.742,252.03,2021-11-07,,,,,,UNPAID,a0c20d33-3593-41dd-a6b7-79daa7419710,,,2021-10-11 12:32:42.742233,,,
16ae1568-e3dd-4bfc-83bb-56cd0d28349d,f,2021-10-11 12:32:42.753,252.03,2021-11-14,,,,,,UNPAID,a0c20d33-3593-41dd-a6b7-79daa7419710,,,2021-10-11 12:32:42.753622,,,
b39ae2e8-5f72-4124-ad9f-ca5b6d8df3e5,f,2021-10-13 10:11:41.624,110.26,2021-10-19,,,,,,UNPAID,1c3d4fe3-37e8-4f5d-a202-9ca530be0bd0,,,2021-10-13 10:11:41.591088,,,
514a1337-b0ed-40a1-ad93-453b5ed6190d,f,2021-10-13 10:11:41.667,110.23,2021-10-22,,,,,,UNPAID,1c3d4fe3-37e8-4f5d-a202-9ca530be0bd0,,,2021-10-13 10:11:41.666918,,,
90bee55c-c516-4515-97ff-472ad12ce603,f,2021-10-13 14:26:56.608,200.25,2021-10-18,,,,,,UNPAID,b9bdb390-de35-410e-baa8-371c9a3f3aa5,,,2021-10-13 14:26:56.573935,,,
f025ca4d-e431-463f-8ca6-cfcd2939126b,f,2021-10-13 15:19:05.038,200.25,2021-10-18,,,,,,UNPAID,698ff826-dfc2-45bb-b1e4-f19e32db6848,8410058276881509000918102021,,2021-10-13 15:12:17.08132,,,
940c3728-cec3-4307-89f4-b40c075ae266,f,2021-10-14 14:42:42.392,200.25,2021-10-18,,,,,,UNPAID,53d68832-6475-41a3-b4e9-b84273568b18,,,2021-10-14 14:42:42.360338,,,
899df95f-b39e-40bb-8921-b3152ae48a7c,f,2023-10-26 16:44:30.038,400.5,2022-03-04,,,,,,UNPAID,827b8115-6dd7-49e4-9109-3a7ef1a1e2e6,8413643007052001000204032022,,2023-10-26 16:43:31.022071,,,
af2df6a4-b2de-408e-9dc2-cb4175cf52de,f,2023-10-19 00:54:07.038,207.48,2024-01-17,,,,,,PAID,0f3cbfdb-5f05-4d50-a2cd-06324a42a6ce,8410375006338301000117012024,,2023-10-19 00:52:42.876808,,,
afb97c73-4b35-4690-a2f3-96f5a839cc1f,f,2021-10-18 11:39:31.819,200.25,2021-10-18,,,,,,UNPAID,b38dccd6-910f-41df-a044-01e77bfd69ca,,,2021-10-18 11:39:31.805993,,,
722f646f-4075-4d08-bc35-f4cb243f18d3,f,2021-10-18 12:16:56.615,200.25,2021-10-18,,,,,,UNPAID,786bf7c3-9e00-4f56-9d15-1317943c2791,,,2021-10-18 12:16:56.615473,,,
7b41c499-b110-42a9-84c6-59082943bbac,f,2021-10-18 12:28:34.441,200.25,2021-10-18,,,,,,UNPAID,4e2ccee7-35b3-49f0-b0da-2563ef461d24,8410071719487209001718102021,,2021-10-18 12:27:23.187229,,,
06a9b97d-8bdd-40f5-83a7-b181a35936da,f,2021-10-18 12:33:56.363,200.25,2021-10-18,,,,,,UNPAID,c84b32ce-f57d-4c5b-b862-20db5d4f005a,8410071719487209001818102021,,2021-10-18 12:32:45.182693,,,
73acdffe-bd9e-4be7-b3aa-dce4bab4c5f4,f,2021-10-18 12:38:16.982,200.25,2021-10-18,,,,,,UNPAID,a0e1c44b-19ff-4c85-a5a1-43439a0710ce,8410005393241009002918102021,,2021-10-18 12:36:50.748145,,,
b3c043f2-67a1-4351-b7ce-bc95c83d86e9,f,2021-10-18 15:09:31.654,200.25,2021-10-18,,,,,,UNPAID,59e8e881-81ca-42e4-ae2a-61efde8736b6,,,2021-10-18 15:09:31.654134,,,
f9eb228c-a1b3-453a-9be8-c53323680870,f,2021-10-20 10:41:29.288,200.25,2021-10-18,,,,,,UNPAID,e38b1665-748a-417c-8f99-70ba4029c693,8410005393241009003018102021,,2021-10-20 10:39:24.160404,,,
cabdcb45-ed46-4833-8f5c-71f484d5935a,f,2021-10-29 13:25:48.675,200.25,2021-10-18,,,,,,UNPAID,b61bda22-3fc2-4306-b856-7421cacef2cc,,,2021-10-29 13:25:48.674763,,,
fc5730ce-46a2-431a-8a6e-9ac683b7d666,f,2023-10-19 16:02:41.211,248.98,2024-01-17,,,,,,UNPAID,9a3965c3-4b6b-4d3b-a2e9-024aa5f48dfa,,,2023-10-19 16:02:41.188482,,,
8b97f5d1-09a3-4dbc-9f60-4a043b4c24fc,f,2023-09-14 12:21:47.167,207.48,2023-12-10,00100000036412,0000082222098,,MANUAL,2023-09-14 00:00:00,PAID_LS,d70895a5-cf54-4871-934a-e1c3ea9e0431,8411931009238801000410122023,10000145711001,2023-09-11 12:26:08.041775,207.48,,
3dbb6cba-2efa-4444-b863-1d01acfef7ef,f,2021-11-03 11:16:12.533,200.25,2021-11-06,,,,,,UNPAID,0e95e443-65bb-4fc5-ac97-0cd392e9d24e,,,2021-11-03 11:16:12.496768,,,
f57f7ff3-94ce-458b-8e0c-d4f2b4684834,f,2021-11-03 11:19:39.383,200.25,2021-11-06,,,,,,UNPAID,f91b0469-62ee-4bb2-8582-842feb243c85,,,2021-11-03 11:19:39.383479,,,
d6a4a329-d335-4ed1-8d22-0f8ca10a1cef,f,2021-11-05 09:55:45.039,200.25,2021-11-08,,,,,,UNPAID,657fcb80-51c6-459b-81ff-11e4e52c8b0c,,,2021-11-05 09:55:45.03938,,,
9fc9fc43-de3d-4cdd-9078-233efe476866,f,2021-11-05 12:56:58.09,200.25,2021-11-08,,,,,,UNPAID,945e41a4-4499-4861-90c8-ced6259ed5a0,,,2021-11-05 12:56:58.089958,,,
0fe269fe-1893-4a34-b98b-1dbea9ef01bb,f,2021-11-05 12:57:37.052,200.25,2021-11-08,,,,,,UNPAID,0cc9e06d-5577-4318-9cdf-59dfbd51f17e,,,2021-11-05 12:57:37.051673,,,
2c21b6ef-6cb6-4d0b-9d05-812443aa9ce5,f,2021-11-05 17:43:55.601,200.25,2021-11-08,,,,,,UNPAID,7329beab-da29-4747-8303-8f84ba5a6064,,,2021-11-05 17:43:55.600645,,,
3e2df267-2ab1-495a-bf50-5b1d6f0a161d,f,2021-11-05 17:46:43.589,200.25,2021-11-08,,,,,,UNPAID,41800ea5-7560-4996-b126-829760f10b39,,,2021-11-05 17:46:43.588805,,,
5478fe53-c239-494a-835e-dbf72259e354,f,2021-11-15 15:20:10.817,185.43,2021-11-19,,,,,,UNPAID,a3bfbfb4-5ff8-4e89-bbf2-834919c357be,,,2021-11-15 15:20:10.78452,,,
8988f20e-acd7-4c15-bdb5-7dd5b55631f2,f,2021-11-15 15:20:10.848,185.42,2021-11-22,,,,,,UNPAID,a3bfbfb4-5ff8-4e89-bbf2-834919c357be,,,2021-11-15 15:20:10.848187,,,
37ab4147-3ff4-42eb-b14f-b258358b2b53,f,2021-11-16 11:53:05.214,200.58,2021-11-23,,,,,,UNPAID,d8ecc400-7f67-4e44-882a-e26b312392f0,,,2021-11-16 11:53:05.214347,,,
3d77b2c2-ea1f-4034-ac2f-0c3b34a50a39,f,2021-11-16 11:53:47.226,200.58,2021-11-23,,,,,,UNPAID,81b040e7-4e35-4f3e-a57a-cfa255acea4b,,,2021-11-16 11:53:47.225728,,,
500bb2ce-dbcc-4231-b6ed-644486ef5d31,f,2021-11-16 11:54:16.144,200.25,2021-11-19,,,,,,UNPAID,5ea8a794-4dbc-465a-b603-6c8a6bdb3683,,,2021-11-16 11:54:16.143687,,,
c658a63c-eea0-4166-90ed-965b6f8cae88,f,2021-11-16 12:11:03.198,200.42,2021-11-21,,,,,,UNPAID,26d2fe09-e2f9-4f68-a588-ff87cefb74ac,,,2021-11-16 12:11:03.198188,,,
4e97b504-c2cb-4b7d-afef-e58b77565d48,f,2021-11-16 12:11:38.436,200.25,2021-11-19,,,,,,UNPAID,62c26d7e-0438-4399-9418-5c9c3143bf67,,,2021-11-16 12:11:38.435821,,,
5e29676f-2d4f-4699-8a2a-623e8d1976a1,f,2021-11-16 12:12:04.747,200.58,2021-11-23,,,,,,UNPAID,801dd896-a8aa-4b98-87ed-9df9f17bb9fe,,,2021-11-16 12:12:04.747127,,,
0cd56cab-81a3-4b2e-9b34-9b8383282eaa,f,2021-11-25 10:09:20.891,200.42,2021-11-28,00100000031378,0000082205635,,MANUAL,2021-11-25 00:00:00,PAID_LS,141dc475-6959-461b-86a1-c6548bd3d97f,8410054936666400000728112021,10000004207111001,2021-11-23 14:13:40.833798,200.42,,
5f82ce41-6541-4a47-b995-f030e20bf722,f,2021-12-08 12:21:20.807,200.25,2021-12-11,,,,,,UNPAID,91955877-20e9-4af5-882c-329fa0ba5d9d,,,2021-12-08 12:21:20.807176,,,
025a7364-58f4-4910-9135-7dca5500b576,f,2021-11-26 13:54:01.368,200.42,2021-12-01,,,,,,UNPAID,607c75ab-379b-4cfc-93b3-dd2e97a27a8f,8410006400702000000101122021,,2021-11-26 13:53:11.720576,,,
70d51cbc-cb08-41bf-8828-ba9894ae2558,f,2021-11-30 15:26:21.851,200.42,2021-12-01,00100000031698,0000082206045,,MANUAL,2021-11-30 00:00:00,PAID_LS,6f0719a3-f394-4214-ab69-0e9942aacf41,8410054936666400000801122021,10000004253711001,2021-11-26 12:32:11.307872,200.42,,
5629b7bb-4636-4c0f-b574-b4cd638cc3e5,f,2021-11-30 15:28:10.18,200.42,2021-12-01,00100000031700,0000082206047,,MANUAL,2021-11-30 00:00:00,PAID_LS,ae9ed472-9fb8-4187-827a-e12aef1322b1,8410009455168000000101122021,10000004253911001,2021-11-26 12:54:58.031199,200.42,,
24fdb36b-ed4c-4e24-9338-06e8ac4ea988,f,2021-12-01 14:32:08.146,200.42,2021-12-05,00100000031740,0000082206083,,MANUAL,2021-12-01 00:00:00,PAID_LS,c633de7c-0c8a-48ae-b147-06a799c6ee16,8410031280879300000205122021,10000004257611001,2021-11-30 17:48:29.834989,200.42,,
d2693de4-856e-40f3-86d2-a81e034ef2ab,f,2021-11-30 17:47:58.746,200.42,2021-12-01,00100000031731,0000082206076,,MANUAL,2021-11-30 00:00:00,PAID_LS,edfca22f-44b1-4ef3-a699-c37b89518639,8410031280879300000101122021,10000004256911001,2021-11-26 13:48:01.912291,200.42,,
6fa60457-06c1-4f54-97cc-4c9279159828,f,2021-10-07 12:08:50.01,252.03,2021-10-27,,,,,,PAID_LS,306b5ea1-36f5-41bc-b872-e8f19c945e23,8410025720389609000927102021,,2021-10-07 12:07:31.440181,,,
1ea3177e-60cc-4ffd-8c8f-819d690f6cbf,f,2021-10-07 12:08:50.01,252.03,2021-11-03,,,,,,PAID_LS,306b5ea1-36f5-41bc-b872-e8f19c945e23,8410025720389609000903112021,,2021-10-07 12:07:31.454098,,,
81124c93-ba6f-4726-9555-29819aaf34ac,f,2021-10-07 12:08:50.01,252.03,2021-11-10,,,,,,PAID_LS,306b5ea1-36f5-41bc-b872-e8f19c945e23,8410025720389609000910112021,,2021-10-07 12:07:31.465906,,,
5d58d246-c971-4a71-b726-dd184b6c33bf,f,2021-12-10 09:11:12.441,200.25,2021-12-11,00100000031844,0000082206276,,MANUAL,2021-12-10 00:00:00,PAID_LS,fe42953f-b4d0-4540-b48b-7730f6bae82b,8410003854148300000111122021,10000004278111001,2021-12-08 11:59:16.87931,200.25,,
451850d1-9a07-4590-9276-9655b07cab81,f,2021-10-08 12:57:50.778,252.03,2021-10-20,00100000029190,0000082202789,,MANUAL,2021-10-08 00:00:00,PAID_LS,306b5ea1-36f5-41bc-b872-e8f19c945e23,8410025720389609000920102021,10000003901411001,2021-10-07 12:07:31.421119,252.03,,
f7abf7f0-b9e9-4cc4-bc69-174257afecd1,f,2021-12-02 16:43:46.212,200.25,2021-12-05,,,,,,UNPAID,da989b64-5988-4335-a108-c535c415a181,,,2021-12-02 16:43:46.179443,,,
ecc7e30e-1754-424e-a766-5e55e0e6c4f0,f,2021-12-08 12:25:22.151,200.25,2021-12-11,,,,,,UNPAID,1ef2f80f-d7a7-49d8-abd2-6028445ff28e,8410099484976800000311122021,,2021-12-08 12:24:38.675254,,,
ecc7ed4b-132f-4c53-8a7d-20972dfefc69,f,2021-12-02 16:49:49.477,200.25,2021-12-05,,,,,,UNPAID,f2f80fef-33e5-4dd9-85ff-448c92423af8,,,2021-12-02 16:49:49.476665,,,
8ea853e1-6e1a-47cb-889b-c96b8fc1f2f8,f,2021-12-03 09:39:38.812,200.25,2021-12-06,,,,,,UNPAID,3804ab4b-0af7-415c-b60b-34bd556df63f,,,2021-12-03 09:39:38.811883,,,
1b63c044-b8b3-4dd5-9800-65f74eb58486,f,2021-12-07 15:38:12.086,200.25,2021-12-10,,,,,,UNPAID,c4b89f77-d9b8-43be-ac8f-f69b59b218ca,,,2021-12-07 15:38:12.08597,,,
84ce1d96-b484-4136-9948-7e98e0aa96f3,f,2021-12-07 15:41:27.975,200.25,2021-12-10,,,,,,UNPAID,aa4391ad-6549-4f90-9f67-839aec7584d6,,,2021-12-07 15:41:27.975502,,,
9fdd4244-1d51-4e0c-888f-7d6031e6a529,f,2021-12-07 15:42:25.374,200.25,2021-12-10,,,,,,UNPAID,d7763a08-74cd-4f47-93ab-7c087b889f67,,,2021-12-07 15:42:25.37384,,,
1bd714ee-226b-4bd0-b1e6-ed6113104e53,f,2021-12-07 15:47:50.75,200.25,2021-12-10,,,,,,UNPAID,53c88e91-740b-46e8-8555-b8f85f045293,,,2021-12-07 15:47:50.750454,,,
e467575d-7646-4394-a1ee-e0548875856b,f,2021-12-07 15:56:50.049,200.25,2021-12-10,,,,,,UNPAID,d4b647d7-8753-4d66-8ea8-9e3012d98eb1,,,2021-12-07 15:56:50.04945,,,
c3b4ae6c-4b95-4608-bcbc-a6e8328f3c64,f,2021-12-07 15:58:34.76,200.25,2021-12-10,,,,,,UNPAID,cce39fd1-7ff0-4d33-836b-3ba6ae32022d,,,2021-12-07 15:58:34.759958,,,
12777edf-d791-4934-99eb-6808e4e41a5f,f,2021-12-13 11:16:08.306,200.42,2021-12-18,,,,,,UNPAID,c3d7f407-7b96-4799-9aca-38bb53ebc9ed,,,2021-12-13 11:16:08.288971,,,
0d0d9e51-ea8f-4818-a7ce-89f50a7f012c,f,2021-12-08 12:33:41.781,200.25,2021-12-11,,,,,,UNPAID,bca37bc5-4059-4462-8051-ccd4b1f438a5,8410055998427300000111122021,,2021-12-08 12:32:44.184513,,,
d8655d68-3628-4e16-9c92-9741b939f4c3,f,2021-12-01 12:42:16.744,200.42,2021-12-05,,,,,,PAID_LS,b8beba90-4b1b-4437-8371-b0bd8c6d7392,8410009455168000000205122021,,2021-11-30 17:39:20.116301,,,
b319afa9-8a4e-40e9-aede-dc92af3d9945,f,2021-12-10 09:06:51.133,200.25,2021-12-11,00100000031843,0000082206274,,MANUAL,2021-12-10 00:00:00,PAID_LS,fd8a748c-8f80-4121-9d69-bdf7bb8bd275,8410075769575400000211122021,10000004277911001,2021-12-08 11:06:44.153696,200.25,,
d8ed67ef-d829-42d1-8c91-181ad0e1dde3,f,2023-10-19 16:03:59.838,414.96,2024-01-17,,,,,,UNPAID,561eed7a-60fa-4d3a-ad1b-9532217a1c7e,,,2023-10-19 16:03:59.837981,,,
5dfc6231-acaf-41e3-8c82-5117b079b258,f,2023-10-24 12:43:35.565,1000.42,2022-03-02,,,,,,UNPAID,ebab75be-d40c-4218-8dfc-255a6cedfe8c,,,2023-10-24 12:43:35.538432,,,
90964e7c-86f9-4610-8539-1911dbd297b3,f,2021-12-13 11:24:39.842,200.42,2021-12-18,,,,,,UNPAID,186824b9-ac54-4dad-832b-92765cf73729,8410003854148300000218122021,,2021-12-13 11:23:25.88971,,,
89f095b8-f72d-41ad-abc4-08b2294f9929,f,2023-10-24 12:44:00.353,1000.42,2022-03-02,,,,,,UNPAID,72455153-8f67-4347-a0f5-638b540238a9,,,2023-10-24 12:44:00.353061,,,
6f0e8a7d-2116-4585-9d26-751aa8955b9c,f,2021-12-14 11:07:09.702,200.42,2021-12-18,,,,,,UNPAID,674a29ef-d728-4951-9c16-fdaef8d6f754,8410008898823200000118122021,,2021-12-13 11:34:26.379725,,,
2280db4d-6ee0-4594-b235-b2615c05546e,f,2023-10-26 11:56:29.398,200.25,2023-10-29,,,,,,UNPAID,0c601bf2-3bb2-4b0a-a523-e6e804e8cb68,,,2023-10-26 11:56:29.398506,,,
1f6aa87a-0970-4724-be88-1285ce1c7fb9,f,2023-09-15 15:22:14.501,207.48,2022-02-28,,,,BATCH,2023-09-15 15:22:14.423848,PAID_LS_RECONCILED,890d7c58-a90c-4556-9b9a-18b55c964bf0,,A00000010295,2023-09-08 17:49:12.972068,207.48,,
ef7e2bd2-9165-4828-9e61-a47152e37ee7,f,2022-01-19 10:31:55.508,200.58,2022-01-26,,,,,,UNPAID,555b394c-0138-497d-b9e2-ef016dfeb0c7,,,2022-01-19 10:31:55.507952,,,
f253d02c-98ef-4eef-85db-737daaf6c9b9,f,2022-01-19 10:32:37.394,200.25,2022-01-22,,,,,,UNPAID,cc5074f7-4d93-48be-abd0-7ca23766b1df,,,2022-01-19 10:32:37.39376,,,
732ec230-dbdd-419d-8815-420cdcfa32d8,f,2022-01-19 10:33:17.903,200.42,2022-01-24,,,,,,UNPAID,a40fc8ab-e3cd-4265-b65c-29ef4bb862e2,,,2022-01-19 10:33:17.902837,,,
7705c143-b1ee-4745-bdff-0d4b2f2c2d4d,f,2021-12-14 11:07:09.702,200.42,2021-12-18,00100000031872,0000082206352,,MANUAL,2021-12-14 00:00:00,PAID_LS_RECONCILED,a7171faa-8a55-4f51-b114-881f27540716,8410010559269700000118122021,10000004288411001,2021-12-13 11:29:42.412073,200.42,,
da5cfe9e-387f-44db-8ad6-a1f92f1b7896,f,2021-12-14 11:07:09.702,200.42,2021-12-18,00100000031871,0000082206346,,MANUAL,2021-12-14 00:00:00,PAID_LS_RECONCILED,7cbfea36-d325-43d0-bbb1-25574c522188,8410073746078800000118122021,10000004287811001,2021-12-13 11:26:17.356689,200.42,,
b5696a80-6cac-4812-a23e-596b9222117b,f,2021-12-14 11:07:09.702,200.42,2021-12-18,,,,,,UNPAID,9a53debe-6b77-4ef8-8bd1-46602228b355,8410035670324900000218122021,,2021-12-13 11:20:06.368931,,,
fd2a410c-95c4-440c-bc4a-7b24d1d084ce,f,2021-12-23 11:52:58.373,200.25,2021-12-26,,,,,,UNPAID,d1dd80d5-4f76-419d-864d-93b3bfe782f6,,,2021-12-23 11:52:58.350209,,,
d09f68c4-decd-46da-9744-7ad24af849bd,f,2021-12-23 12:04:52.2,200.25,2021-12-26,,,,,,UNPAID,6453dea6-01de-44e0-a916-b5e0cced5f18,,,2021-12-23 12:04:52.177647,,,
df9b1559-acc8-45ce-8628-0525fcd94feb,f,2021-12-23 12:08:32.791,200.25,2021-12-26,,,,,,UNPAID,6c207d03-8103-482f-8d43-611644ca4539,8410075769575400000426122021,,2021-12-23 12:07:16.050331,,,
47439639-b201-4c3b-9cca-06b371ce9ed1,f,2021-12-23 16:50:33.536,200.25,2021-12-26,,,,,,UNPAID,4affe2ea-e663-48b0-a4ab-018c2d19ce3e,8410017439357300000126122021,,2021-12-23 16:49:47.160919,,,
20a353e5-be52-4af6-9f77-ccbb1cb24273,f,2021-12-24 09:45:47.378,200.25,2021-12-27,,,,,,UNPAID,94011580-1135-435b-a6d3-2c9fa9fe9987,8410057046721300000127122021,,2021-12-24 09:44:47.938262,,,
40a09f3a-5f4e-4adf-a15a-6122b44e55ce,f,2021-12-24 10:45:01.32,200.25,2021-12-27,,,,,,UNPAID,5e7a54f4-1b2d-4db8-9940-86433b2be407,8410027378823300000127122021,,2021-12-24 10:44:17.484731,,,
394da634-da47-45d1-86bd-206498295796,f,2021-12-27 11:16:34.2,200.25,2021-12-30,,,,,,UNPAID,8db0ec1f-6bd9-4a02-822a-c0ce239d7391,,,2021-12-27 11:16:34.17554,,,
dfef38be-b2b9-429c-a987-47e448aaf5f5,f,2021-12-27 14:01:31.447,200.25,2021-12-30,,,,,,UNPAID,4d466490-e688-48b9-b226-53cb9eea3642,,,2021-12-27 14:01:31.446929,,,
f5d884d7-e439-449a-8311-1b274b9c5252,f,2021-12-27 14:26:56.199,200.25,2021-12-30,,,,,,UNPAID,55a91d20-b2b5-4f43-a4e7-32c08419a052,,,2021-12-27 14:26:56.174564,,,
d5d1f1b5-912f-4c3d-8bfb-b2f186436823,f,2021-12-27 14:44:48.111,200.25,2021-12-30,,,,,,UNPAID,25392d08-d366-473b-ad80-e950e6c1cd59,,,2021-12-27 14:44:48.086685,,,
9257aa09-8eaa-4ca9-9f3e-3c499534ac25,f,2021-12-27 14:48:20.036,200.25,2021-12-30,,,,,,UNPAID,5071f3ac-b5c4-4a2e-bc61-a0d6b95edc8b,,,2021-12-27 14:48:20.036085,,,
22311bba-0bc7-4c25-8d50-f1697acc28f6,f,2021-12-27 15:48:25.813,200.25,2021-12-30,,,,,,UNPAID,f0d6d697-61b6-4b9d-9047-7769d6e2c3e1,,,2021-12-27 15:48:25.813291,,,
f0644ce1-450b-494a-87ce-f333b49d16b1,f,2021-12-28 14:42:47.209,200.25,2021-12-31,,,,,,UNPAID,1bb1d7c6-5464-406d-b986-4a720626b8ab,,,2021-12-28 14:42:47.185734,,,
9fdd806d-f4d8-4348-992f-35c8ec03ba8d,f,2021-12-28 14:52:51.928,200.25,2021-12-31,,,,,,UNPAID,21d9a6d7-ab3e-4528-8bec-93fc88ac4b5d,,,2021-12-28 14:52:51.928266,,,
480e7393-ebc3-4cf5-9a47-f6dedc7d29aa,f,2021-12-29 09:06:31.693,200.25,2022-01-01,,,,,,UNPAID,a65c2588-be57-48b6-bb86-138cb918f9f5,,,2021-12-29 09:06:31.692834,,,
3bea2902-9c82-4d78-bba3-b4866f3ba27d,f,2021-12-29 10:58:03.689,200.25,2022-01-01,,,,,,UNPAID,41161ea5-a33f-4cab-b70b-2088c6ff9f9a,,,2021-12-29 10:58:03.689224,,,
ed63fdeb-14fb-4c7c-a459-0fce9a8eb559,f,2021-12-29 11:33:28.775,200.25,2022-01-01,,,,,,UNPAID,5a9aa909-10ce-4da1-8a91-dd5e78819315,,,2021-12-29 11:33:28.775478,,,
a9ec0ee7-6c5f-4d61-807c-ea4b1e4de2a2,f,2022-01-26 10:47:54.192,200.25,2022-01-29,,,,,,UNPAID,a84f7f57-61fb-4362-906a-4e9e95a867f0,8410023413458700000129012022,,2022-01-26 10:45:20.19044,,,
4bdc3d61-9981-4653-81bf-f08993f213d5,f,2023-10-19 16:37:16.744,622.44,2024-01-17,,,,,,UNPAID,f1189a4a-a8c3-4353-8311-bf12e695f27f,,,2023-10-19 16:37:16.744422,,,
32b5ef84-6cb6-4b8d-a053-d2c6285136ec,f,2023-10-25 09:25:51.542,1001.24,2022-03-04,,,,,,UNPAID,ae22b35f-e95b-44d9-b3a0-4e6850ae48f8,,,2023-10-25 09:25:51.542019,,,
d3307db3-2892-4cb6-b138-4dd9612a9a2c,f,2022-01-04 10:54:15.689,200.25,2022-01-07,,,,,,UNPAID,d1c932e2-bf12-4f11-a5b1-46b294b72053,,,2022-01-04 10:54:15.689128,,,
ce163189-64ad-454f-bda1-3da5b3169d57,f,2022-01-04 10:57:47.645,200.25,2022-01-07,,,,,,UNPAID,435bac75-584a-4feb-a61c-795a9d406fa2,,,2022-01-04 10:57:47.645554,,,
383d6ba5-507c-4637-aa82-12d0c9facd2c,f,2022-01-04 11:00:24.19,200.42,2022-01-09,,,,,,UNPAID,592c4c41-8521-4dcc-a229-0227a85b3f87,,,2022-01-04 11:00:24.190377,,,
005276ec-7268-4009-8383-6dadb175e9be,f,2022-01-04 11:36:14.765,200.25,2022-01-07,,,,,,UNPAID,73990516-5cad-4339-bb34-1d5c41d7b68b,,,2022-01-04 11:36:14.742765,,,
9f6a79e2-2580-415a-be67-ea529f7ec479,f,2022-01-04 11:43:26.448,200.25,2022-01-07,,,,,,UNPAID,30bbf846-f7d2-427b-b2fe-aa021ce12ed1,8410078260083100000507012022,,2022-01-04 11:40:20.553247,,,
6bfe2d1d-bbfb-4b8e-a61f-642c3184f9d8,f,2022-01-04 14:47:12.579,200.58,2022-01-11,,,,,,UNPAID,4c3ecc75-565b-41b2-8ca4-8cbcca143306,8410074587947800000111012022,,2022-01-04 14:45:19.434097,,,
8c276363-7417-4037-b5ce-7d8a5b8a8ef3,f,2021-12-29 12:16:21.73,200.25,2022-01-01,,,,,,PAID,e0c27d62-4686-45f3-9e7f-3e947190180f,8410025720389609002801012022,,2021-12-29 12:15:07.963876,,,
11ccb52d-167d-48b0-b382-f735f6eb2c6e,f,2022-01-12 11:44:36.763,200.25,2022-01-15,,,,,,UNPAID,dea1a7f5-7907-460b-9fc0-03f3a2b1c8e5,,,2022-01-12 11:44:36.763216,,,
957d6dd7-4016-42af-b0c5-966bb2c3f888,f,2022-01-12 11:46:42.213,200.25,2022-01-15,,,,,,UNPAID,18e99475-f29d-4b84-a5f6-cbfb66a79482,,,2022-01-12 11:46:42.213512,,,
88451b04-614b-415e-987f-594db0ee60af,f,2022-01-05 16:11:28.186,200.25,2022-01-08,,,,,,PAID_LS,775c94ef-b510-406f-bbf9-d515dd8950b4,8410025720389609002908012022,,2022-01-05 16:08:36.787997,,,
a3b3724d-a0e3-4cb2-9675-abe91919f283,f,2021-12-23 12:21:26.796,200.25,2021-12-26,,,,,,PAID_LS,0db8d679-7f0a-4ba8-b5d2-e68ef39f1f55,8410057886850600000126122021,,2021-12-23 12:20:29.904001,,,
df2acf93-b4eb-4ba2-829d-e65ad503b98b,f,2022-01-19 10:03:32.05,200.58,2022-01-26,,,,,,UNPAID,e361a6e1-53ac-4097-ac7f-a3584e9eb72b,8410057886850600000226012022,,2022-01-19 10:02:26.300748,,,
8a491960-3279-46f9-b971-86077305e186,f,2022-01-19 10:31:10.361,200.42,2022-01-24,,,,,,UNPAID,eab0fac2-67f7-4f20-9bc1-82b36e2571c7,,,2022-01-19 10:31:10.36076,,,
3bf1fd1a-f1ed-4f3b-bbf2-5729776c6cca,f,2022-01-27 15:00:15.488,200.42,2022-02-01,,,,,,UNPAID,c98432d9-9a9f-444a-8938-8f32bd0aa7f8,8410047517134400000301022022,,2022-01-27 14:59:05.039954,,,
1161852c-a762-4748-9448-8ae1c8012e34,f,2022-02-03 14:57:56.686,200.25,2022-02-06,,,,,,UNPAID,f7ad3a14-e367-4ac5-8fc0-1b07238e38b7,8410014841993500000106022022,,2022-02-03 14:38:40.296799,,,
b92970b3-bc5b-438a-a85c-55451726af86,f,2022-06-28 10:49:57.013,200.25,2022-07-01,,,,,,UNPAID,5705acbf-2aea-43af-ab74-20b0cb975012,,,2022-06-28 10:49:57.002442,,,
da051c43-5cf1-450c-bcfd-9f2abbdfef70,f,2022-06-28 11:15:50.55,200.25,2022-07-01,,,,,,UNPAID,f042140d-8981-4380-a64d-5f0a928fcd9c,,,2022-06-28 11:15:50.530063,,,
6d053f61-6d3d-4045-b655-f776141f7487,f,2023-10-25 09:30:53.575,1001.24,2022-03-04,,,,,,UNPAID,b76b99b8-ba0c-4118-9003-a6dcfc9da181,,,2023-10-25 09:30:53.575054,,,
cf1e5779-707e-4b29-bce2-a4eb156f1dfc,f,2023-10-25 09:32:18.721,1001.24,2022-03-04,,,,,,UNPAID,3ed578e7-4a9e-4a93-9d5d-1dda453b8399,,,2023-10-25 09:32:18.720808,,,
aa6069ec-2e2d-4f5e-9b2f-a1e6e6a59f8d,f,2023-10-26 12:04:57.695,200.25,2023-10-29,,,,,,UNPAID,1d15020b-1253-4972-8605-5292a8f74f56,8417383004101300000229102023,,2023-10-26 12:03:43.526421,,,
4bc56c5b-43e4-401a-b33d-6f3005948f66,f,2023-10-26 16:33:04.695,200.25,2023-10-29,,,,,,UNPAID,aa38e5cc-5ce4-41a3-8f73-ff9c9a3decd5,8418270002432401000129102023,,2023-10-26 16:32:22.422475,,,
2f750ba4-ba92-4d61-bd5e-bc693bff84d5,f,2023-10-27 10:07:33.234,207.48,2024-01-25,,,,,,UNPAID,db575260-e619-4f05-a291-798aaa637c62,,,2023-10-27 10:07:33.225261,,,
cc512ea9-4129-47ee-a885-ff7f5f175592,f,2023-10-27 11:22:55.526,414.96,2024-01-25,,,,,,UNPAID,a15d9f65-f61c-4c8c-947e-2cc3d423f2f6,8413163003166201000125012024,,2023-10-27 11:22:04.962459,,,
18401432-32db-4c12-9362-876ddc6bc134,f,2023-11-24 16:34:48.658,1037.4,2024-02-15,00100000036967,0000082223355,,MANUAL,2023-11-24 00:00:00,PAID_LS,02206512-759b-4619-9f41-20ee65bed345,8414815002702401000115022024,10000859611001,2023-11-17 16:20:32.476577,1037.4,,
49302c59-4bcd-4c96-9576-490a500cae2f,f,2023-11-17 15:21:56.117,207.48,2024-01-25,00100000036873,0000082223056,,,2023-11-17 00:00:00,UNPAID,0057a7fc-d8b8-4d93-b242-fd59903177e6,8411278006217201000225012024,10000799511001,2023-10-27 10:08:27.347681,,,
ee5cbfba-d8ae-42b3-ba08-762b8365fe15,f,2023-11-20 11:29:17.083,365.17,2024-02-14,00100000036881,0000082223067,,,2023-11-20 00:00:00,UNPAID,8cc1108c-affc-47af-9b39-a5f03c003b83,8419930007861301000114022024,10000800811001,2023-11-16 16:53:10.390041,,,
810189cf-da15-4de0-9139-4ee3f5e9e4e3,f,2023-11-24 16:45:12.844,300.37,2022-03-09,,,,,,UNPAID,1750812f-f84d-48f5-a49a-e9b89d94ee03,8414815002702401000209032022,,2023-11-24 16:44:13.226235,,,
7b36e8c3-d772-4fca-9b1c-a9d1fe0b2cf9,f,2024-03-13 15:52:58.08,200.25,2024-03-16,,,,,,UNPAID,e5167cd0-5c4e-4855-af59-1d847ac840ba,,,2024-03-13 15:52:58.080519,,,
67c506d3-7653-4abb-9e89-435e5bfb8079,f,2024-03-14 10:19:37.616,200.25,2024-03-17,,,,,,UNPAID,974c695c-fe8e-4155-a86b-9d934479b3e2,,,2024-03-14 10:19:37.615763,,,
b6ae37ed-16ac-4aa2-b255-c2882dec4253,f,2024-04-24 16:40:40.387,202.5,2022-03-30,,,,,,UNPAID,f1fcad91-9f3b-4476-b79b-4a8485c0659e,,,2024-04-24 16:40:40.387178,,,
5ecb738b-1f29-43be-bf49-9ae1b0f005de,f,2024-04-29 16:23:43.155,202.5,2024-05-29,,,,,,UNPAID,44a08677-b407-4155-9a3f-ae22118d271b,,,2024-04-29 16:23:43.155354,,,
7a794237-230d-40c2-b7bb-265fbcc9a25f,f,2024-04-29 16:28:18.083,202.5,2024-05-29,,,,,,UNPAID,e7bb56d1-b4f9-4be5-bd1a-215278666e64,,,2024-04-29 16:28:18.083262,,,
df0b534a-aded-4a06-a275-84504a184c5b,f,2023-09-08 17:15:49.704,200.33,2022-02-28,,,,,,PAID,655b8602-8539-49e0-870e-92f0551478b1,,,2023-09-08 17:15:49.695777,,,
923f1acb-8d42-47a8-b26b-1f93b55839d0,f,2023-09-08 17:45:04.553,207.48,2023-12-07,,,,,,PAID,dfddaf22-d6c1-4b0a-bfa5-8c3bd8f1750b,,,2023-09-08 17:45:04.538934,,,
de857e8c-a869-4eb3-bea2-1557a193f68e,f,2023-09-11 17:10:06.512,207.48,2023-11-02,00100000036382,0000082221994,,MANUAL,2023-09-11 00:00:00,PAID_LS,dbd05828-396f-425a-a43b-56871628f040,8411931009238801000102112023,10000134511001,2023-08-04 14:58:02.757855,207.48,,
e4673cc6-e375-428b-b3de-34d345b69dd8,f,2023-09-13 12:19:13.366,200.58,2023-09-20,,,,,,UNPAID,82dbfc11-45e4-4502-8872-086c3082a2fe,8418686007479000000120092023,,2023-09-13 12:18:28.009619,,,
51e77406-eefb-40bb-b831-d92c47ef1bfa,f,2024-05-06 15:59:18.217,202.5,2024-06-05,,,,,,UNPAID,9636e7f2-ed64-4b39-90fe-a0a1c32f6319,,,2024-05-06 15:59:18.216607,,,
8cb3e256-f732-4ee3-830e-73abfee52f5e,f,2023-10-20 11:54:03.678,1037.4,2024-01-18,,,,,,UNPAID,35e98d63-b72a-43d2-9d18-e22139d4d047,,,2023-10-20 11:54:03.677789,,,
6244b842-504f-4ff0-86c4-3143eb045419,f,2023-10-19 00:54:46.24,207.48,2024-01-14,00100000036706,0000082222491,,,2023-10-19 00:00:00,PAID,979ffe0f-3315-4ca7-9ceb-13ea8cefe8d8,8411931009238801000614012024,10000335611001,2023-10-16 13:45:12.797724,,,
d9699cf5-21bb-4d83-bfbe-a193757bf640,f,2023-10-26 10:30:14.322,200.25,2023-10-29,,,,,,UNPAID,bfe2b150-9846-4adf-afc9-cb7c989c6ad1,,,2023-10-26 10:30:14.313458,,,
a88ef4f4-c2e0-4f2f-a399-136ea9e589b6,f,2024-05-07 09:59:13.22,202.5,2024-06-06,,,,,,UNPAID,88931728-b72d-4f9e-919d-5d9a2d59178a,,,2024-05-07 09:59:13.220305,,,
9ac3c793-1db6-4998-95e0-11f47f61e1fd,f,2023-10-26 16:35:34.735,1001.24,2022-03-04,,,,,,UNPAID,9e026952-cd00-411b-b7ef-046fbc7a0081,,,2023-10-26 16:35:34.735486,,,
305513b8-e615-4d54-9fe1-6a56f9b71d83,f,2023-10-26 16:35:58.789,1001.24,2022-03-04,,,,,,UNPAID,73106637-3cd3-467d-9276-6ff61351bd50,,,2023-10-26 16:35:58.789592,,,
b815cf85-0a5f-4bbb-9bc6-326d9f875e0f,f,2023-10-26 16:40:48.629,400.5,2022-03-04,,,,,,UNPAID,e682fb36-7973-4c70-822a-2c01bf716bb0,,,2023-10-26 16:40:48.628745,,,
07091382-bdb0-4fd0-83f1-f3e3a815e730,f,2023-09-14 12:23:21.436,207.48,2023-12-13,,,,,,PAID,a7f13720-a122-488c-8dca-affca6730c6a,8411931009238801000513122023,,2023-09-14 12:22:40.016837,,,
85a03f13-c1fe-4898-befd-a9ece7a94c81,f,2023-11-20 14:54:09.258,280.1,2024-02-15,00100000036887,0000082223087,,,2023-11-20 00:00:00,UNPAID,c5d67332-7e69-450f-b5bb-a39cc1f8e2e6,8414474004721801000215022024,10000808011001,2023-11-17 16:25:26.788018,,,
9a35139a-b99a-4601-b417-029d571c921e,f,2023-10-27 10:33:29.426,1037.4,2024-01-25,,,,,,UNPAID,39c11b1d-1af7-4953-b2f4-acca33237e9d,8417039007609501000125012024,,2023-10-27 10:32:37.368281,,,
fd64f76c-cba8-42ab-9092-fb96efbc079e,f,2023-11-21 14:59:31.412,674.31,2024-02-15,,,,BATCH,2023-11-21 14:59:31.331259,PAID_LS_RECONCILED,0ff00a60-076a-4eb3-ba42-55d9498d152a,8411699008528701000115022024,A00000010404,2023-11-17 16:13:45.527702,674.31,,
4f8ebd85-36ff-433f-9259-ee2fead1e80f,f,2023-10-31 16:16:34.4,414.96,2024-01-29,,,,,,UNPAID,33b21f80-6ccc-44f4-b318-8e3a561e4c9c,,,2023-10-31 16:16:34.400299,,,
b311019e-6d92-417d-852b-f1128d5075cf,f,2024-05-13 10:39:44.63,202.5,2024-06-09,,,,BATCH,2024-05-13 10:39:44.613847,PAID_LS_RECONCILED,33109525-36fa-4e2d-947d-effa7d992318,8414017003485801000609062024,A00000089306,2024-05-10 11:24:11.067326,202.5,,
a155054a-3efa-4feb-8ee6-b5d9e98edff0,f,2023-11-23 11:59:29.397,207.48,2024-01-01,00100000036924,0000082223256,,,2023-11-23 00:00:00,UNPAID,74c91a3d-9cc4-49ce-ab76-bd88ff3bbdee,8410246008814701000101012024,10000840111001,2023-10-03 11:56:46.922995,,,
b0e7a2a1-67de-4500-aa39-5839264969b6,f,2023-11-15 10:07:27.508,580.94,2024-01-25,00100000036847,0000082222975,,MANUAL,2023-11-15 00:00:00,PAID_LS,922a41f2-ca7b-4501-b3d9-dd92748dc093,8414474004721801000125012024,10000786211001,2023-10-27 10:27:14.442427,580.94,,
71065cdd-0498-4427-901f-757d8698df8b,f,2023-11-24 16:50:59.107,200.25,2022-03-09,,,,,,UNPAID,e7e5c2b5-cad8-44d0-b3a2-410aad14dcd7,8419532005438500000109032022,,2023-11-24 16:49:58.855019,,,
23d425c1-580a-4151-a970-c6e50b9833ad,f,2023-11-15 12:29:12.368,207.48,2024-02-13,,,,,,UNPAID,76badf0d-cecc-4beb-8e41-533fdc125b2e,,,2023-11-15 12:29:12.333958,,,
c8150d00-7096-4764-81d6-e9a005f93d4d,f,2024-05-13 10:39:45.361,202.5,2024-06-09,,,,BATCH,2024-05-13 10:39:45.345082,PAID_LS_RECONCILED,71135313-dc18-4bca-94b6-191cbba10233,8416169000469001000109062024,A00000089307,2024-05-10 11:30:54.719618,202.5,,
d56dd15c-a6e3-49b3-b7ba-2928ce2ba267,f,2024-03-13 14:52:53.755,200.25,2024-03-16,,,,,,UNPAID,961dc847-cf18-456c-8b32-57e363a0f5e5,,,2024-03-13 14:52:53.729565,,,
389fae7c-bf16-4c56-9d31-f8a96a8eef09,f,2024-03-13 16:16:36.569,200.25,2024-03-16,,,,,,UNPAID,0a72061c-a072-47b6-8bea-bde73c7fcafb,,,2024-03-13 16:16:36.569117,,,
d8dc8909-8bf8-4652-bfcb-fdce18a4fd91,f,2023-09-26 13:47:11.44,201.24,2022-03-16,,,,BATCH,2023-09-26 13:47:11.337973,PAID_LS_RECONCILED,6d25f35f-bc79-4510-aa0d-ffbeba369630,8410933006983701000116032022,A00000010313,2023-09-26 11:25:08.075552,201.24,,
3839dab2-38e8-4628-882d-b498674eb1f9,f,2024-03-13 16:20:51.529,200.25,2024-03-16,,,,,,UNPAID,b4024dd1-4f47-47e5-85a3-6cc308e58e46,,,2024-03-13 16:20:51.528755,,,
08b10fb3-abbc-424b-985f-a1f7b4fa85c3,f,2024-04-24 16:28:33.344,202.5,2022-03-30,,,,,,UNPAID,90a7f439-b1bd-4a61-9fd0-20a7c4e96833,,,2024-04-24 16:28:33.333639,,,
2f4477b7-718e-47c1-a38b-c9fb16a3edcb,f,2023-09-27 15:35:31.766,200.09,2022-03-02,,,,,,UNPAID,9760f52b-3aeb-43f6-8934-b17c0a2f521e,,,2023-09-27 15:35:31.766534,,,
a3003b16-6638-4d54-a940-3de8a6dfc7bf,f,2024-04-29 15:16:58.326,202.5,2024-05-29,,,,,,UNPAID,ae02f105-d54b-4862-be13-abfa75ae8532,,,2024-04-29 15:16:58.299337,,,
47db4b14-ed41-4e71-8659-1f664ec4feb0,f,2024-05-02 15:26:56.491,202.5,2024-06-01,,,,,,UNPAID,63063a7d-eda3-4935-b6ee-d97df84582d9,,,2024-05-02 15:26:56.491282,,,
f0a4d25e-229c-4149-bcf2-d944ceae5c74,f,2023-09-22 09:36:41.584,200.33,2022-02-28,,,,,,UNPAID,6912cb06-0224-4c50-b0bc-e3977d813471,8418114004178701000128022022,,2023-09-22 09:35:23.936,,,
e63c222f-a03e-469d-9b66-9841d6e49265,f,2024-05-02 15:27:52.65,202.5,2024-06-01,,,,,,UNPAID,c4a05158-10dd-4781-8cbf-b2f0565518a9,,,2024-05-02 15:27:52.650011,,,
eb17a2ad-5a37-42be-9f50-b19fa5854788,f,2024-05-06 10:40:47.311,202.5,2024-06-05,,,,,,UNPAID,ad711bb7-5e5e-47f7-bf68-664362d3dfc6,,,2024-05-06 10:40:47.311277,,,
e0ef61b7-d92b-44f4-9739-79ebf2216bf9,f,2024-05-06 11:15:56.985,202.5,2024-06-05,,,,,,UNPAID,1a6a5095-1f5b-4d9b-85c4-7b59d1b9f838,,,2024-05-06 11:15:56.956489,,,
ed80f9f8-a450-417a-9ea0-974d35c4aa4f,f,2024-05-13 10:39:46.405,202.5,2024-06-09,,,,BATCH,2024-05-13 10:39:46.388778,PAID_LS_RECONCILED,98d1b74c-5210-4e9f-9f0f-28b596f1ad74,8414017003485801000709062024,A00000089308,2024-05-10 12:28:50.123182,202.5,,
5f9b6dc2-ad9e-4419-acf2-cebee156ac18,f,2024-05-10 12:13:53.498,202.5,2024-06-09,,,,,,UNPAID,d3d27faf-4563-40ef-a416-7abf67d5044b,,,2024-05-10 12:13:53.472851,,,
3d0f2789-26d1-4800-86d0-c28df752fd3d,f,2023-09-27 15:54:19.223,200.09,2022-03-02,,,,,,UNPAID,ac41e298-d41c-4dce-8acd-7d49112a6853,8416874005663401000102032022,,2023-09-27 15:53:38.374454,,,
8356369e-ffe1-45de-9292-7e70ba69eee2,f,2023-09-27 16:11:01.988,200.09,2022-03-02,,,,,,UNPAID,73d6a43e-4970-4846-aba4-e7ef15211d7c,,,2023-09-27 16:11:01.988534,,,
7c066d62-4fd6-4794-8d09-c48423ab2dba,f,2023-09-27 16:42:50.198,200.09,2022-03-02,,,,,,UNPAID,b8eb416e-9ff2-4747-b02d-bf7e137dbea4,,,2023-09-27 16:42:50.198471,,,
d0f1c90a-564c-43ba-b980-492eacbc578d,f,2023-09-27 16:56:00.986,200.09,2022-03-02,,,,,,UNPAID,cb4a316b-e440-4b23-81c4-5ce1a3ed5db0,8413244004542801000102032022,,2023-09-27 16:54:23.296659,,,
15c9ffbd-c418-4020-85d8-4c0d11bb1be6,f,2024-05-13 15:11:48.871,202.5,2024-06-12,,,,,,UNPAID,040357f3-a325-4bb0-be18-6fa3cb6f6398,,,2024-05-13 15:11:48.870924,,,
0a36b04e-2104-4f21-9bd1-def2442c8eda,f,2024-05-10 14:02:57.642,202.5,2024-06-09,,,,,,UNPAID,d44fac86-7f58-4c04-be6f-419a896d743f,,,2024-05-10 14:02:57.642531,,,
271ad2e8-ec48-4414-b8c9-e2b11c02a331,f,2024-05-10 14:03:53.454,202.5,2024-06-09,,,,,,UNPAID,d3b5edf2-74e4-4a25-ac38-1041882a8473,,,2024-05-10 14:03:53.453799,,,
0982cbc4-5343-4d9f-9ff7-f0be6ec3e1cc,f,2023-10-03 15:13:32.752,207.48,2024-01-01,,,,,,UNPAID,7ac9a6a9-c245-442a-ae6a-dd92cd1e1128,,,2023-10-03 15:13:32.75197,,,
597184d7-208f-4352-990c-778700b835c4,f,2023-10-03 15:24:12.118,207.48,2024-01-01,,,,,,UNPAID,d972b89c-b1a7-4d0b-86ec-7faf2b263ac0,,,2023-10-03 15:24:12.117915,,,
1ac71a40-d6d8-4e6b-b185-2f724a682682,f,2023-10-04 09:49:55.044,207.48,2024-01-01,00100000036611,0000082222427,,MANUAL,2023-10-04 00:00:00,PAID_LS,2fca2544-cd88-4a97-93fa-3a4c3aef4646,8418534000003201000101012024,10000207911001,2023-10-03 11:42:58.135892,207.48,,
7666bee6-f4f4-4ab4-beba-bda08ff6a173,f,2023-10-10 15:27:14.696,207.48,2024-01-08,,,,,,UNPAID,2ee1e73b-20ea-4c3b-81ca-d499e94f51ab,,,2023-10-10 15:27:14.664345,,,
fda8415b-0fbb-434f-9b18-d61894cd2f7b,f,2024-05-13 10:39:43.474,202.5,2024-06-09,,,,BATCH,2024-05-13 10:39:43.3891,PAID_LS_RECONCILED,cf8d7c9c-b194-49e1-aca9-2d5fada5efe8,8414975007582801001109062024,A00000089305,2024-05-10 10:17:56.350211,202.5,,
6fa10838-8a5b-4ea2-9d07-8c6d76bbd297,f,2023-10-16 15:55:27.384,207.48,2024-01-14,,,,,,UNPAID,c06c0ba0-750c-45cb-8eb7-d336d448c185,,,2023-10-16 15:55:27.384086,,,
c3b308ab-705c-4484-8127-9047d5603c70,f,2024-05-13 15:17:53.888,202.5,2024-06-12,,,,,,UNPAID,12514e76-51d4-4fb9-bd01-b2747acfb296,,,2024-05-13 15:17:53.887972,,,
abb28ba1-6077-412b-a837-3c3c20528bbd,f,2023-10-18 11:16:25.802,207.48,2024-01-16,,,,,,UNPAID,553005b8-24b4-4c39-9ab5-93a8984a8695,,,2023-10-18 11:16:25.774562,,,
d88e83c5-4817-48bd-9271-b300d0422a9d,f,2024-05-13 15:22:45.41,202.5,2024-06-12,,,,,,UNPAID,3282fd95-260d-4e2b-be17-57b47d58fc31,8414017003485801001212062024,,2024-05-13 15:22:07.146223,,,
99f389d7-0ce6-4faa-9d1c-62f9a9c123a4,f,2024-05-13 15:34:36.007,202.5,2024-06-12,,,,,,UNPAID,b6c4686c-2886-41e3-8550-6de6772d747b,8414017003485801001312062024,,2024-05-13 15:33:49.501657,,,
92fb5a34-5b30-47cc-a29f-f6da18be3121,f,2024-05-14 12:19:11.353,202.5,2024-06-13,,,,,,UNPAID,27133457-068f-4f73-b840-57b0445cd9e7,,,2024-05-14 12:19:11.341903,,,
76d0009e-d75d-4a37-a4f8-010bb73c3b5a,f,2024-05-14 12:23:01.101,202.5,2024-06-13,,,,,,UNPAID,cbc0439c-bf50-41e0-97ca-da0c22bb8eca,,,2024-05-14 12:23:01.10077,,,
886775ce-3a77-461d-a9a4-afeb5747badd,f,2024-05-14 12:28:06.937,303.74,2024-06-13,,,,,,UNPAID,19eb7e8b-e938-4947-a44e-7755a012dff0,,,2024-05-14 12:28:06.93747,,,
df782ead-f912-46fa-91f5-bddf3f0589eb,f,2024-05-14 12:34:27.856,506.24,2024-06-13,,,,,,UNPAID,12edc152-28d7-429b-b6f6-c00a3180ab07,,,2024-05-14 12:34:27.856212,,,
a8c574c5-85ba-4cde-b7c3-6d0da65e1d2f,f,2024-05-14 12:47:56.612,809.98,2024-06-13,,,,,,UNPAID,eeb38bc6-b57d-4477-bcaf-dc793b3a9303,,,2024-05-14 12:47:56.612371,,,
329b9082-4d9b-48a4-b05b-021a0703ea8d,f,2024-05-14 16:21:23.682,202.5,2022-04-10,,,,,,UNPAID,b052e158-1a50-4018-a264-2a734b3c2594,,,2024-05-14 16:21:23.655219,,,
10213866-3a70-4d2b-9d25-58eb7eaefd5d,f,2024-05-14 16:33:15.675,202.5,2022-04-10,,,,,,UNPAID,a33dccda-647f-41e2-a567-4f09ad0f795c,,,2024-05-14 16:33:15.675127,,,
aec9dd3c-ae05-4a8e-ac03-053f7e37c54b,f,2024-07-26 10:16:43.18,200,2022-04-14,,,,,,UNPAID,983664c2-e9cb-4c04-bffa-34e1a68251d4,8410670005524101000114042022,,2024-07-26 10:15:59.772911,,,
fb92f8e6-d7c9-458e-8db2-1359c91dcde5,f,2024-05-15 10:20:50.493,202.5,2022-04-10,,,,,,UNPAID,e0607731-77ca-4021-89c4-c299ab38b7f7,,,2024-05-15 10:20:50.493181,,,
c220dc03-87c0-4eb7-9744-e9626bbc87bb,f,2024-07-03 17:47:50.667,200,2024-07-21,00100000037961,0000082228807,,MANUAL,2024-07-03 00:00:00,PAID_LS,2acc0001-4641-4439-a82d-cfcffcad8a06,8415007008343801000521072024,10001977711001,2024-06-21 09:56:54.709337,200,N00000107443,71111114185100142697532
f46222ff-5c11-4df9-b6f6-aa438ec7c3c0,f,2024-05-16 10:51:41.88,202.5,2022-04-10,,,,,,UNPAID,16fc340c-991f-4037-929c-9e664fe4d9cb,,,2024-05-16 10:51:41.846609,,,
efe78b35-108b-42a7-88e8-f699506ce42e,f,2024-05-16 10:53:41.197,506.24,2022-04-10,,,,,,UNPAID,f6bd5895-5f7c-4efe-a0a0-69450c1a8915,,,2024-05-16 10:53:41.196701,,,
b9e7d150-d9d3-49aa-85d5-bcadc47ec559,f,2024-05-16 10:59:29.566,303.74,2022-04-10,,,,,,UNPAID,de326ba7-fe15-4969-aa64-a4843ae7d5d5,,,2024-05-16 10:59:29.565878,,,
13a1391b-8b13-43ec-927a-b07a6d955743,f,2024-05-16 11:02:15.682,809.98,2022-04-10,,,,,,UNPAID,70f563aa-84a1-4606-b79e-7a94a0649d85,,,2024-05-16 11:02:15.682395,,,
2c69076f-6c8a-4292-b358-d24cee09768d,f,2024-05-16 10:05:16.941,202.5,2022-04-10,,,,BATCH,2024-05-16 10:05:16.855628,PAID_LS_RECONCILED,1de1db32-78d4-4d06-b840-2bf24ecf3829,8410042291782801000310042022,A00000090538,2024-05-15 10:18:09.647501,202.5,,
90a9666a-ce95-4b0b-bfdf-a8cd4397682c,f,2024-05-16 10:05:18.039,202.5,2022-04-10,,,,BATCH,2024-05-16 10:05:18.019587,PAID_LS_RECONCILED,c4721153-ac2c-445e-bf44-ff81a9c3fe9c,8418325007849801000710042022,A00000090539,2024-05-15 10:22:22.161239,202.5,,
3ed0d989-6ae9-4a2e-96f8-dd450232432e,f,2024-05-24 10:33:17.546,202.5,2022-04-10,,,,,,UNPAID,c031fd37-7927-4ea3-a78d-3a239022696a,,,2024-05-24 10:33:17.546455,,,
57ed045b-5d0c-4e77-99a4-b65d1250f0a0,f,2024-05-24 10:38:52.758,202.5,2022-04-10,,,,,,UNPAID,a8da53f4-a27c-41e8-943a-7430974f51ea,8414975007582801001310042022,,2024-05-24 10:36:23.192787,,,
db316390-06d2-4f69-9eef-d98dc79e7a88,f,2024-05-27 15:11:18.799,202.5,2022-04-10,,,,,,UNPAID,e623aacf-9325-4433-bdc6-68b240c1cce8,,,2024-05-27 15:11:18.799459,,,
43800990-fd0a-453a-a83d-f84ad788b78d,f,2024-05-27 15:13:27.459,202.5,2022-04-10,,,,,,UNPAID,751d5d3d-a5d3-4b71-a266-d1e2c196f47e,,,2024-05-27 15:13:27.459118,,,
49a1eccd-88ec-4ed5-a75f-5a1c2b632495,f,2024-05-27 15:33:35.822,202.5,2022-04-10,,,,,,UNPAID,c6b5a303-f9db-4b6b-bef3-00c04509c96c,,,2024-05-27 15:33:35.822466,,,
880d76d9-9f95-4e42-b280-86d1a62b227a,f,2024-06-19 10:54:15.741,200,2024-07-19,,,,,,UNPAID,6c61e6e9-64ec-4ecd-aa05-bd488321df4f,,,2024-06-19 10:54:15.726986,,,
1a7b5194-9ae8-4545-9418-6f64c87c1387,f,2024-06-19 11:03:43.989,200,2024-07-19,,,,,,UNPAID,aceb94d9-b0ad-4295-bfa6-493d1e361c98,,,2024-06-19 11:03:43.98888,,,
ff5b34af-430e-4dc6-b65b-bccf01f002b2,f,2024-06-19 11:08:12.769,200,2024-07-19,,,,,,UNPAID,6c83d761-c3a9-4488-835d-009e6712d13b,,,2024-06-19 11:08:12.769336,,,
76e06524-781e-42dd-a7c8-2c7351280845,f,2024-06-20 08:48:07.271,200,2024-07-20,,,,,,UNPAID,b2425cf3-5ef8-4d1d-9ea7-f39b6e6f3e69,,,2024-06-20 08:48:07.243214,,,
5b4f224a-7055-4427-8625-6a8fa0f947f6,f,2024-07-04 10:23:31.313,200,2024-08-03,,,,,,UNPAID,297776d9-4264-41d6-a178-28f3d9813504,,,2024-07-04 10:23:31.297121,,,
3d47d4bf-013d-499a-8f32-5569f7b332eb,f,2024-07-04 15:23:18.834,200,2024-08-03,,,,,,UNPAID,c944c8ca-1c12-4a31-a7be-1fe5da9bf245,,,2024-07-04 15:23:18.834425,,,
3899ff70-220a-4067-acbc-22b95631b386,f,2024-07-04 15:32:39.266,200,2024-08-03,,,,,,UNPAID,e0ff887b-750e-4973-929e-04f37e26ee9e,,,2024-07-04 15:32:39.265986,,,
84c90a57-6fe6-4ed0-9ab0-38f05d2df083,f,2024-07-04 15:35:17.096,200,2024-08-03,,,,,,UNPAID,2aa34519-5cf7-4838-8365-b75bd47c6630,,,2024-07-04 15:35:17.069232,,,
ac411ee6-34db-4fad-b381-61c4363d6d7b,f,2024-07-04 15:35:55.338,200,2024-08-03,,,,,,UNPAID,a8a0630c-3a6b-495a-af81-c3b0bb3681ee,,,2024-07-04 15:35:55.338113,,,
4b38c63a-fdb1-4d5c-975e-6ebe71501cd9,f,2024-07-04 15:40:36.694,200,2024-08-03,,,,,,UNPAID,b4e0b3c3-600f-4ae8-b7b1-498e5a46eb56,,,2024-07-04 15:40:36.669319,,,
e1a7d5ea-a559-4e48-a903-c8d2fbbd4c23,f,2024-07-05 15:32:14.955,200,2024-08-04,,,,,,UNPAID,c6ee0a60-bb59-4de5-9526-3a8546efd538,,,2024-07-05 15:32:14.926486,,,
e2642d46-ab2d-4d89-9b8e-091a24163832,f,2024-07-26 12:01:41.186,200,2022-04-14,,,,,,UNPAID,ae1ffe96-be2f-4897-b4c9-1545630ab8ec,,,2024-07-26 12:01:41.185943,,,
abaa1961-f2cf-477d-b1d0-c8fd9a1f61b7,f,2024-07-05 16:45:08.512,200.25,2022-03-09,,,,,,UNPAID,57489158-d497-4b87-90b0-e2a8a4505bfc,,,2024-07-05 16:45:08.499068,,,
3fc1c5bc-980b-4362-ac04-db1c112929ec,f,2024-07-26 12:09:00.114,200,2022-04-14,,,,,,UNPAID,d24bcdcf-f248-43c7-aca1-553d237b7bea,8410530009177301000114042022,,2024-07-26 12:08:26.099559,,,
d38f83cc-9ef4-4cee-b836-d936221605e8,f,2024-07-08 11:57:34.766,200,2024-08-04,00100000037969,0000082228918,,MANUAL,2024-07-08 00:00:00,PAID_LS,17ca3a05-a1b9-4bef-b590-4b027ae8bac1,8415007008343801001304082024,10001995411001,2024-07-05 15:52:24.390149,200,N00000109030,71111114190100142699226
506cdee1-f526-4c7a-ad78-051434a09b1a,f,2023-10-26 14:48:07.285,200.25,2023-10-29,,,,,,PAID,c9bcd5c0-a160-40a3-9ebe-779ba0108cc3,8410375006338301000229102023,,2023-10-26 14:47:08.885243,,,
f2dd5840-993f-42da-a6a0-7a99748f84f1,f,2023-10-26 15:03:51.149,200.25,2023-10-29,,,,,,PAID,6c443f39-04db-4974-bbab-b7ac5618fbb0,8410375006338301000329102023,,2023-10-26 15:03:15.363561,,,
0f89e977-b454-43ef-b104-f053d02bcd23,f,2023-10-26 15:32:58.46,200.25,2023-10-29,,,,,,PAID,4b0a933f-259e-421c-bc32-b82219f3ce3c,8410375006338301000429102023,,2023-10-26 15:32:22.243365,,,
c35ee437-09f1-4bcf-b64c-6a335b5ec51c,f,2024-05-10 15:26:24.497,202.5,2024-06-09,,,,,,PAID,1e2ff508-f9eb-450b-b36b-2580586e524d,,,2024-05-10 15:26:24.462927,,,
51321b4a-5b99-4f34-8ef0-e0504bf97634,f,2024-05-10 15:28:24.299,202.5,2024-06-09,,,,,,PAID,68a1709d-298e-4e7a-916e-191413d17fbb,,,2024-05-10 15:28:24.272669,,,
600d84ba-161c-4577-ac4a-839fd4311a17,f,2024-05-14 16:48:42.204,202.5,2022-04-10,,,,,,PAID,b8686dad-4a4e-40ab-8e35-9b7e4b71569d,8410375006338301000710042022,,2024-05-14 16:47:41.236641,,,
dbefd87f-7290-470b-8b3f-5d87918adab1,f,2024-05-27 14:31:29.527,202.5,2022-04-10,,,,,,PAID,176b9e73-31ba-4378-8d06-83abeb578f3c,,,2024-05-27 14:31:29.527372,,,
6326565d-b9d1-44d4-b376-bf10612fa0c4,f,2024-07-18 17:02:18.641,200,2022-04-14,,,,,,UNPAID,d44dd476-268c-4d9a-abcc-5c6478ee4c03,,,2024-07-18 17:02:18.60806,,,
fd932081-83fb-4867-ab56-61c56e3a6118,f,2024-07-18 17:03:07.114,200,2022-04-14,,,,,,UNPAID,3a7e74fa-3f66-45d6-b1b3-140591cd2317,,,2024-07-18 17:03:07.114053,,,
63864844-d0c8-4b65-ab81-9285ac7e88d5,f,2024-07-19 10:11:31.257,200,2022-04-14,,,,BATCH,2024-07-19 10:11:31.15841,PAID_LS_RECONCILED,744df861-7cce-4fcc-9b3b-5c62535bf08b,8411560000330501000314042022,A00000112199,2024-07-18 17:03:53.524601,200,,
